eval,method,split,variant,level,floor_rel,primary,coverage,width_norm_mean,interval_score_norm_mean,max_frac_floored_cal,max_frac_floored_eval,frac_floored_cal_0,frac_floored_cal_1,frac_floored_cal_2,frac_floored_cal_3,frac_floored_cal_4,d_coverage_vs_primary,d_width_norm_vs_primary,d_iscore_norm_vs_primary,triggered
lstm_ens_rep0,ensemble,test,channel,0.5,0.0001,False,0.638862601166949,0.31602843603661573,0.6570908682876838,0.0,0.0,0.0,0.0,0.0,0.0,0.0,0.0,-1.0674088279927219e-09,1.0674089390150243e-09,False
lstm_ens_rep0,ensemble,test,channel,0.5,0.001,True,0.638862601166949,0.31602843710402456,0.6570908672202749,6.2739193173975785e-06,3.764351590438547e-06,1.045653219566263e-06,0.0,6.2739193173975785e-06,0.0,0.0,0.0,0.0,0.0,False
lstm_ens_rep0,ensemble,test,channel,0.5,0.01,False,0.6388740824392999,0.3156703506092557,0.6569145659825012,0.020668381537946756,0.019198506807202458,0.0017221908526256352,0.0008333856159943116,0.020668381537946756,0.0007246376811594203,0.0017870213522387436,1.1481272350843952e-05,-0.0003580864947688722,-0.00017630123777367945,False
lstm_ens_rep0,ensemble,test,channel,0.8,0.0001,False,0.8661410377062551,0.8120022153645057,1.2034441908617035,0.0,0.0,0.0,0.0,0.0,0.0,0.0,0.0,-3.158244776813035e-09,1.263297910725214e-08,False
lstm_ens_rep0,ensemble,test,channel,0.8,0.001,True,0.8661410377062551,0.8120022185227505,1.2034441782287244,6.2739193173975785e-06,3.764351590438547e-06,1.045653219566263e-06,0.0,6.2739193173975785e-06,0.0,0.0,0.0,0.0,0.0,False
lstm_ens_rep0,ensemble,test,channel,0.8,0.01,False,0.8661766108287847,0.8090746724831988,1.2013596410745107,0.020668381537946756,0.019198506807202458,0.0017221908526256352,0.0008333856159943116,0.020668381537946756,0.0007246376811594203,0.0017870213522387436,3.557312252966405e-05,-0.0029275460395516983,-0.0020845371542137503,False
lstm_ens_rep0,ensemble,test,channel,0.9,0.0001,False,0.933524687872514,1.303374330413601,1.7524330149204694,0.0,0.0,0.0,0.0,0.0,0.0,0.0,6.901311249141173e-07,1.66672757273556e-05,9.940372890371307e-06,False
lstm_ens_rep0,ensemble,test,channel,0.9,0.001,True,0.9335239977413891,1.3033576631378736,1.752423074547579,6.2739193173975785e-06,3.764351590438547e-06,1.045653219566263e-06,0.0,6.2739193173975785e-06,0.0,0.0,0.0,0.0,0.0,False
lstm_ens_rep0,ensemble,test,channel,0.9,0.01,False,0.9335512892904198,1.2941534179904777,1.7450997973027167,0.020668381537946756,0.019198506807202458,0.0017221908526256352,0.0008333856159943116,0.020668381537946756,0.0007246376811594203,0.0017870213522387436,2.729154903069464e-05,-0.009204245147395929,-0.0073232772448623695,False
lstm_ens_rep0,ensemble,test,channel,0.95,0.0001,False,0.9660138026224983,1.933273895311578,2.456250694046642,0.0,0.0,0.0,0.0,0.0,0.0,0.0,0.0,-8.309143595397472e-09,1.480850957413793e-07,False
lstm_ens_rep0,ensemble,test,channel,0.95,0.001,True,0.9660138026224983,1.9332739036207216,2.4562505459615465,6.2739193173975785e-06,3.764351590438547e-06,1.045653219566263e-06,0.0,6.2739193173975785e-06,0.0,0.0,0.0,0.0,0.0,False
lstm_ens_rep0,ensemble,test,channel,0.95,0.01,False,0.9660315578141665,1.9068589216171055,2.4343692040724525,0.020668381537946756,0.019198506807202458,0.0017221908526256352,0.0008333856159943116,0.020668381537946756,0.0007246376811594203,0.0017870213522387436,1.775519166824502e-05,-0.02641498200361614,-0.021881341889093964,False
lstm_ens_rep0,ensemble,test,horizon_channel,0.5,0.0001,False,0.6393940021331326,0.31788445031172463,0.6480841913275115,0.0,0.0,0.0,0.0,0.0,0.0,0.0,0.0,-2.0575456338711717e-09,2.0575455783600205e-09,False
lstm_ens_rep0,ensemble,test,horizon_channel,0.5,0.001,True,0.6393940021331326,0.31788445236927027,0.6480841892699659,6.2739193173975785e-06,3.764351590438547e-06,1.045653219566263e-06,0.0,6.2739193173975785e-06,0.0,0.0,0.0,0.0,0.0,False
lstm_ens_rep0,ensemble,test,horizon_channel,0.5,0.01,False,0.6393958215697346,0.3173459746611117,0.6478202572461071,0.020668381537946756,0.019198506807202458,0.0017221908526256352,0.0008333856159943116,0.020668381537946756,0.0007246376811594203,0.0017870213522387436,1.8194366020463093e-06,-0.000538477708158569,-0.00026393202385877057,False
lstm_ens_rep0,ensemble,test,horizon_channel,0.8,0.0001,False,0.8664936947110861,0.7746664290082954,1.150412867283239,0.0,0.0,0.0,0.0,0.0,0.0,0.0,-6.273919317401067e-08,-5.827991755857909e-09,2.1653078663419478e-08,False
lstm_ens_rep0,ensemble,test,horizon_channel,0.8,0.001,True,0.8664937574502792,0.7746664348362872,1.1504128456301603,6.2739193173975785e-06,3.764351590438547e-06,1.045653219566263e-06,0.0,6.2739193173975785e-06,0.0,0.0,0.0,0.0,0.0,False
lstm_ens_rep0,ensemble,test,horizon_channel,0.8,0.01,False,0.8665590062111801,0.7714825966671428,1.1481063792020905,0.020668381537946756,0.019198506807202458,0.0017221908526256352,0.0008333856159943116,0.020668381537946756,0.0007246376811594203,0.0017870213522387436,6.524876090086007e-05,-0.0031838381691443596,-0.0023064664280698643,False
lstm_ens_rep0,ensemble,test,horizon_channel,0.9,0.0001,False,0.9339577137838008,1.2099767754462896,1.63423975630946,0.0,0.0,0.0,0.0,0.0,0.0,0.0,0.0,-9.779370646612051e-09,8.150450159227773e-08,False
lstm_ens_rep0,ensemble,test,horizon_channel,0.9,0.001,True,0.9339577137838008,1.2099767852256602,1.6342396748049584,6.2739193173975785e-06,3.764351590438547e-06,1.045653219566263e-06,0.0,6.2739193173975785e-06,0.0,0.0,0.0,0.0,0.0,False
lstm_ens_rep0,ensemble,test,horizon_channel,0.9,0.01,False,0.9340100382709078,1.2010140600348052,1.6271627268225228,0.020668381537946756,0.019198506807202458,0.0017221908526256352,0.0008333856159943116,0.020668381537946756,0.0007246376811594203,0.0017870213522387436,5.232448710701387e-05,-0.008962725190855059,-0.007076947982435522,False
lstm_ens_rep0,ensemble,test,horizon_channel,0.95,0.0001,False,0.9664444444444444,1.7517745248380003,2.233958622536287,0.0,0.0,0.0,0.0,0.0,0.0,0.0,0.0,-1.5049644641607074e-08,2.657362996316692e-07,False
lstm_ens_rep0,ensemble,test,horizon_channel,0.95,0.001,True,0.9664444444444444,1.751774539887645,2.233958356799987,6.2739193173975785e-06,3.764351590438547e-06,1.045653219566263e-06,0.0,6.2739193173975785e-06,0.0,0.0,0.0,0.0,0.0,False
lstm_ens_rep0,ensemble,test,horizon_channel,0.95,0.01,False,0.9664512202773072,1.729156071852928,2.2154352077906774,0.020668381537946756,0.019198506807202458,0.0017221908526256352,0.0008333856159943116,0.020668381537946756,0.0007246376811594203,0.0017870213522387436,6.775832862793152e-06,-0.02261846803471701,-0.018523149009309847,False
lstm_ens_rep0,ensemble,ood_test,channel,0.5,0.0001,False,0.37056815747970173,0.641521207273546,2.2811037555080453,0.0,0.0,0.0,0.0,0.0,0.0,0.0,0.0,0.0,0.0,False
lstm_ens_rep0,ensemble,ood_test,channel,0.5,0.001,True,0.37056815747970173,0.641521207273546,2.2811037555080453,6.2739193173975785e-06,0.0,1.045653219566263e-06,0.0,6.2739193173975785e-06,0.0,0.0,0.0,0.0,0.0,False
lstm_ens_rep0,ensemble,ood_test,channel,0.5,0.01,False,0.37035787301154616,0.6407159262106064,2.280919738288944,0.020668381537946756,0.0018322007827255204,0.0017221908526256352,0.0008333856159943116,0.020668381537946756,0.0007246376811594203,0.0017870213522387436,-0.0002102844681555749,-0.0008052810629396445,-0.00018401721910121793,False
lstm_ens_rep0,ensemble,ood_test,channel,0.8,0.0001,False,0.629021787807395,1.6351920839854917,4.06628142267081,0.0,0.0,0.0,0.0,0.0,0.0,0.0,0.0,0.0,0.0,False
lstm_ens_rep0,ensemble,ood_test,channel,0.8,0.001,True,0.629021787807395,1.6351920839854917,4.06628142267081,6.2739193173975785e-06,0.0,1.045653219566263e-06,0.0,6.2739193173975785e-06,0.0,0.0,0.0,0.0,0.0,False
lstm_ens_rep0,ensemble,ood_test,channel,0.8,0.01,False,0.6286097211134692,1.629409162958662,4.0635698436255066,0.020668381537946756,0.0018322007827255204,0.0017221908526256352,0.0008333856159943116,0.020668381537946756,0.0007246376811594203,0.0017870213522387436,-0.0004120666939257944,-0.005782921026829646,-0.0027115790453038358,False
lstm_ens_rep0,ensemble,ood_test,channel,0.9,0.0001,False,0.7520513120063345,2.6171233495226964,5.8413582946016325,0.0,0.0,0.0,0.0,0.0,0.0,0.0,3.2451306808400915e-07,3.0222377165323167e-05,1.9908105228338968e-05,False
lstm_ens_rep0,ensemble,ood_test,channel,0.9,0.001,True,0.7520509874932664,2.617093127145531,5.841338386496404,6.2739193173975785e-06,0.0,1.045653219566263e-06,0.0,6.2739193173975785e-06,0.0,0.0,0.0,0.0,0.0,False
lstm_ens_rep0,ensemble,ood_test,channel,0.9,0.01,False,0.751552600323215,2.599537676796708,5.830700230506261,0.020668381537946756,0.0018322007827255204,0.0017221908526256352,0.0008333856159943116,0.020668381537946756,0.0007246376811594203,0.0017870213522387436,-0.0004983871700513509,-0.017555450348822887,-0.010638155990142728,False
lstm_ens_rep0,ensemble,ood_test,channel,0.95,0.0001,False,0.8387552976758375,3.8756387338338976,7.948337043746429,0.0,0.0,0.0,0.0,0.0,0.0,0.0,0.0,0.0,0.0,False
lstm_ens_rep0,ensemble,ood_test,channel,0.95,0.001,True,0.8387552976758375,3.8756387338338976,7.948337043746429,6.2739193173975785e-06,0.0,1.045653219566263e-06,0.0,6.2739193173975785e-06,0.0,0.0,0.0,0.0,0.0,False
lstm_ens_rep0,ensemble,ood_test,channel,0.95,0.01,False,0.838204728804429,3.826275734157518,7.912996630459341,0.020668381537946756,0.0018322007827255204,0.0017221908526256352,0.0008333856159943116,0.020668381537946756,0.0007246376811594203,0.0017870213522387436,-0.0005505688714084744,-0.04936299967637936,-0.03534041328708781,False
lstm_ens_rep0,ensemble,ood_test,horizon_channel,0.5,0.0001,False,0.36928730439974816,0.6476000554814466,2.2639882641735243,0.0,0.0,0.0,0.0,0.0,0.0,0.0,0.0,0.0,0.0,False
lstm_ens_rep0,ensemble,ood_test,horizon_channel,0.5,0.001,True,0.36928730439974816,0.6476000554814466,2.2639882641735243,6.2739193173975785e-06,0.0,1.045653219566263e-06,0.0,6.2739193173975785e-06,0.0,0.0,0.0,0.0,0.0,False
lstm_ens_rep0,ensemble,ood_test,horizon_channel,0.5,0.01,False,0.369004329004329,0.6462594622453559,2.2635635372233027,0.020668381537946756,0.0018322007827255204,0.0017221908526256352,0.0008333856159943116,0.020668381537946756,0.0007246376811594203,0.0017870213522387436,-0.0002829753954191605,-0.0013405932360907036,-0.0004247269502215545,False
lstm_ens_rep0,ensemble,ood_test,horizon_channel,0.8,0.0001,False,0.6278312142629984,1.575776079611964,3.9555095668562346,0.0,0.0,0.0,0.0,0.0,0.0,0.0,0.0,0.0,0.0,False
lstm_ens_rep0,ensemble,ood_test,horizon_channel,0.8,0.001,True,0.6278312142629984,1.575776079611964,3.9555095668562346,6.2739193173975785e-06,0.0,1.045653219566263e-06,0.0,6.2739193173975785e-06,0.0,0.0,0.0,0.0,0.0,False
lstm_ens_rep0,ensemble,ood_test,horizon_channel,0.8,0.01,False,0.627438813061002,1.568754025960629,3.951377741805456,0.020668381537946756,0.0018322007827255204,0.0017221908526256352,0.0008333856159943116,0.020668381537946756,0.0007246376811594203,0.0017870213522387436,-0.00039240120199635076,-0.007022053651335014,-0.00413182505077847,False
lstm_ens_rep0,ensemble,ood_test,horizon_channel,0.9,0.0001,False,0.7524167137210616,2.4653918263043915,5.541586869111205,0.0,0.0,0.0,0.0,0.0,0.0,0.0,0.0,0.0,0.0,False
lstm_ens_rep0,ensemble,ood_test,horizon_channel,0.9,0.001,True,0.7524167137210616,2.4653918263043915,5.541586869111205,6.2739193173975785e-06,0.0,1.045653219566263e-06,0.0,6.2739193173975785e-06,0.0,0.0,0.0,0.0,0.0,False
lstm_ens_rep0,ensemble,ood_test,horizon_channel,0.9,0.01,False,0.7519995197206591,2.4465714185361827,5.52814213253995,0.020668381537946756,0.0018322007827255204,0.0017221908526256352,0.0008333856159943116,0.020668381537946756,0.0007246376811594203,0.0017870213522387436,-0.00041719400040240995,-0.018820407768208813,-0.013444736571255334,False
lstm_ens_rep0,ensemble,ood_test,horizon_channel,0.95,0.0001,False,0.8405791909240186,3.5776028533816273,7.313015277516063,0.0,0.0,0.0,0.0,0.0,0.0,0.0,0.0,0.0,0.0,False
lstm_ens_rep0,ensemble,ood_test,horizon_channel,0.95,0.001,True,0.8405791909240186,3.5776028533816273,7.313015277516063,6.2739193173975785e-06,0.0,1.045653219566263e-06,0.0,6.2739193173975785e-06,0.0,0.0,0.0,0.0,0.0,False
lstm_ens_rep0,ensemble,ood_test,horizon_channel,0.95,0.01,False,0.8401635545863432,3.5313104953364194,7.276377544921201,0.020668381537946756,0.0018322007827255204,0.0017221908526256352,0.0008333856159943116,0.020668381537946756,0.0007246376811594203,0.0017870213522387436,-0.00041563633767538466,-0.046292358045207926,-0.036637732594861916,False
lstm_ens_rep1,ensemble,test,channel,0.5,0.0001,False,0.6372067256415083,0.32173144997806197,0.6657207490927842,0.0,0.0,0.0,0.0,0.0,0.0,0.0,0.0,-6.40434649756827e-10,6.404345942456757e-10,False
lstm_ens_rep1,ensemble,test,channel,0.5,0.001,True,0.6372067256415083,0.3217314506184966,0.6657207484523496,1.045653219566263e-06,9.410878976096367e-07,0.0,1.045653219566263e-06,1.045653219566263e-06,0.0,1.045653219566263e-06,0.0,0.0,0.0,False
lstm_ens_rep1,ensemble,test,channel,0.5,0.01,False,0.6373026538678712,0.32157013712198185,0.6656290219678123,0.010106238367107933,0.008971704623878536,0.004879017922496183,0.0027960767091201873,0.010106238367107933,0.0010968902273250098,0.004862287470983123,9.592822636295129e-05,-0.00016131349651477,-9.172648453736887e-05,False
lstm_ens_rep1,ensemble,test,channel,0.8,0.0001,False,0.8646598280946107,0.834437472476333,1.2253886685817883,0.0,0.0,0.0,0.0,0.0,0.0,0.0,0.0,-1.5903955929985614e-09,5.775174338751299e-09,False
lstm_ens_rep1,ensemble,test,channel,0.8,0.001,True,0.8646598280946107,0.8344374740667286,1.225388662806614,1.045653219566263e-06,9.410878976096367e-07,0.0,1.045653219566263e-06,1.045653219566263e-06,0.0,1.045653219566263e-06,0.0,0.0,0.0,False
lstm_ens_rep1,ensemble,test,channel,0.8,0.01,False,0.8648044419348767,0.8332146185421356,1.2244667910476486,0.010106238367107933,0.008971704623878536,0.004879017922496183,0.0027960767091201873,0.010106238367107933,0.0010968902273250098,0.004862287470983123,0.00014461384026598356,-0.0012228555245930028,-0.0009218717589654091,False
lstm_ens_rep1,ensemble,test,channel,0.9,0.0001,False,0.9326945856076291,1.340165404617281,1.7835384316585237,0.0,0.0,0.0,0.0,0.0,0.0,0.0,0.0,-2.477329452688082e-09,2.0616782059335037e-08,False
lstm_ens_rep1,ensemble,test,channel,0.9,0.001,True,0.9326945856076291,1.3401654070946105,1.7835384110417416,1.045653219566263e-06,9.410878976096367e-07,0.0,1.045653219566263e-06,1.045653219566263e-06,0.0,1.045653219566263e-06,0.0,0.0,0.0,False
lstm_ens_rep1,ensemble,test,channel,0.9,0.01,False,0.9327944664031621,1.335990757789856,1.780248418550243,0.010106238367107933,0.008971704623878536,0.004879017922496183,0.0027960767091201873,0.010106238367107933,0.0010968902273250098,0.004862287470983123,9.988079553302498e-05,-0.00417464930475453,-0.003289992491498639,False
lstm_ens_rep1,ensemble,test,channel,0.95,0.0001,False,0.9659312378442814,1.9703102203425764,2.4785912470280764,0.0,0.0,0.0,0.0,0.0,0.0,0.0,-1.88217579522032e-07,-3.5338947323992898e-09,5.00182251172987e-08,False
lstm_ens_rep1,ensemble,test,channel,0.95,0.001,True,0.9659314260618609,1.9703102238764711,2.4785911970098513,1.045653219566263e-06,9.410878976096367e-07,0.0,1.045653219566263e-06,1.045653219566263e-06,0.0,1.045653219566263e-06,0.0,0.0,0.0,False
lstm_ens_rep1,ensemble,test,channel,0.95,0.01,False,0.9659653052261747,1.9590225540319621,2.469468076195346,0.010106238367107933,0.008971704623878536,0.004879017922496183,0.0027960767091201873,0.010106238367107933,0.0010968902273250098,0.004862287470983123,3.387916431385474e-05,-0.011287669844509018,-0.009123120814505281,False
lstm_ens_rep1,ensemble,test,horizon_channel,0.5,0.0001,False,0.6371163812033377,0.3230903087989002,0.6562288579697384,0.0,0.0,0.0,0.0,0.0,0.0,0.0,-6.273919317401067e-08,-8.967805942283746e-10,8.330844902815215e-10,False
lstm_ens_rep1,ensemble,test,horizon_channel,0.5,0.001,True,0.6371164439425309,0.3230903096956808,0.6562288571366539,1.045653219566263e-06,9.410878976096367e-07,0.0,1.045653219566263e-06,1.045653219566263e-06,0.0,1.045653219566263e-06,0.0,0.0,0.0,False
lstm_ens_rep1,ensemble,test,horizon_channel,0.5,0.01,False,0.6372188343057908,0.32287203868889425,0.6561084362907228,0.010106238367107933,0.008971704623878536,0.004879017922496183,0.0027960767091201873,0.010106238367107933,0.0010968902273250098,0.004862287470983123,0.0001023903632599854,-0.00021827100678656342,-0.00012042084593111291,False
lstm_ens_rep1,ensemble,test,horizon_channel,0.8,0.0001,False,0.8652929920321225,0.7864801604188979,1.164205416953562,0.0,0.0,0.0,0.0,0.0,0.0,0.0,0.0,-2.2426603907277354e-09,8.31485436059154e-09,False
lstm_ens_rep1,ensemble,test,horizon_channel,0.8,0.001,True,0.8652929920321225,0.7864801626615583,1.1642054086387077,1.045653219566263e-06,9.410878976096367e-07,0.0,1.045653219566263e-06,1.045653219566263e-06,0.0,1.045653219566263e-06,0.0,0.0,0.0,False
lstm_ens_rep1,ensemble,test,horizon_channel,0.8,0.01,False,0.8654412447455926,0.7852155818461977,1.1632446600148536,0.010106238367107933,0.008971704623878536,0.004879017922496183,0.0027960767091201873,0.010106238367107933,0.0010968902273250098,0.004862287470983123,0.00014825271347007618,-0.0012645808153606275,-0.0009607486238540908,False
lstm_ens_rep1,ensemble,test,horizon_channel,0.9,0.0001,False,0.9332188343057908,1.218556441046077,1.6461312897616032,0.0,0.0,0.0,0.0,0.0,0.0,0.0,0.0,-3.473765275430196e-09,2.1610431000240737e-08,False
lstm_ens_rep1,ensemble,test,horizon_channel,0.9,0.001,True,0.9332188343057908,1.2185564445198422,1.6461312681511722,1.045653219566263e-06,9.410878976096367e-07,0.0,1.045653219566263e-06,1.045653219566263e-06,0.0,1.045653219566263e-06,0.0,0.0,0.0,False
lstm_ens_rep1,ensemble,test,horizon_channel,0.9,0.01,False,0.9333037831733484,1.2146235952953344,1.6431034854258306,0.010106238367107933,0.008971704623878536,0.004879017922496183,0.0027960767091201873,0.010106238367107933,0.0010968902273250098,0.004862287470983123,8.494886755761044e-05,-0.003932849224507873,-0.0030277827253415435,False
lstm_ens_rep1,ensemble,test,horizon_channel,0.95,0.0001,False,0.9662417968504925,1.7437373975777888,2.2262719121542442,0.0,0.0,0.0,0.0,0.0,0.0,0.0,-1.2547838634802133e-07,-4.897604544140677e-09,3.928483449655573e-08,False
lstm_ens_rep1,ensemble,test,horizon_channel,0.95,0.001,True,0.9662419223288788,1.7437374024753933,2.2262718728694098,1.045653219566263e-06,9.410878976096367e-07,0.0,1.045653219566263e-06,1.045653219566263e-06,0.0,1.045653219566263e-06,0.0,0.0,0.0,False
lstm_ens_rep1,ensemble,test,horizon_channel,0.95,0.01,False,0.9663178994918126,1.7353337428002344,2.219341444811995,0.010106238367107933,0.008971704623878536,0.004879017922496183,0.0027960767091201873,0.010106238367107933,0.0010968902273250098,0.004862287470983123,7.597716293372692e-05,-0.008403659675158881,-0.00693042805741495,False
lstm_ens_rep1,ensemble,ood_test,channel,0.5,0.0001,False,0.3777931164287986,0.6384369039915495,2.274552125683443,0.0,0.0,0.0,0.0,0.0,0.0,0.0,0.0,-1.2914880276326812e-10,1.291491358301755e-10,False
lstm_ens_rep1,ensemble,ood_test,channel,0.5,0.001,True,0.3777931164287986,0.6384369041206983,2.274552125554294,1.045653219566263e-06,6.490261362825081e-07,0.0,1.045653219566263e-06,1.045653219566263e-06,0.0,1.045653219566263e-06,0.0,0.0,0.0,False
lstm_ens_rep1,ensemble,ood_test,channel,0.5,0.01,False,0.37766759477404155,0.6380669746878527,2.274518904743052,0.010106238367107933,0.0011860952640562836,0.004879017922496183,0.0027960767091201873,0.010106238367107933,0.0010968902273250098,0.004862287470983123,-0.0001255216547570437,-0.0003699294328456393,-3.3220811241907455e-05,False
lstm_ens_rep1,ensemble,ood_test,channel,0.8,0.0001,False,0.6515212523608326,1.626381655929776,4.009153769865632,0.0,0.0,0.0,0.0,0.0,0.0,0.0,0.0,-2.791031850080117e-10,1.1164127400320467e-09,False
lstm_ens_rep1,ensemble,ood_test,channel,0.8,0.001,True,0.6515212523608326,1.626381656208879,4.009153768749219,1.045653219566263e-06,6.490261362825081e-07,0.0,1.045653219566263e-06,1.045653219566263e-06,0.0,1.045653219566263e-06,0.0,0.0,0.0,False
lstm_ens_rep1,ensemble,ood_test,channel,0.8,0.01,False,0.6512012824756453,1.623992215995773,4.008663658943206,0.010106238367107933,0.0011860952640562836,0.004879017922496183,0.0027960767091201873,0.010106238367107933,0.0010968902273250098,0.004862287470983123,-0.00031996988518723235,-0.0023894402131061643,-0.0004901098060132725,False
lstm_ens_rep1,ensemble,ood_test,channel,0.9,0.0001,False,0.7805984020976525,2.59212017720443,5.725335011592249,0.0,0.0,0.0,0.0,0.0,0.0,0.0,0.0,-3.996079023238508e-10,3.5964697886470276e-09,False
lstm_ens_rep1,ensemble,ood_test,channel,0.9,0.001,True,0.7805984020976525,2.592120177604038,5.725335007995779,1.045653219566263e-06,6.490261362825081e-07,0.0,1.045653219566263e-06,1.045653219566263e-06,0.0,1.045653219566263e-06,0.0,0.0,0.0,False
lstm_ens_rep1,ensemble,ood_test,channel,0.9,0.01,False,0.7801037792791916,2.5844206526991886,5.723216709540605,0.010106238367107933,0.0011860952640562836,0.004879017922496183,0.0027960767091201873,0.010106238367107933,0.0010968902273250098,0.004862287470983123,-0.0004946228184609103,-0.007699524904849486,-0.0021182984551746387,False
lstm_ens_rep1,ensemble,ood_test,channel,0.95,0.0001,False,0.8651163379349286,3.7938399807435017,7.767702584937439,0.0,0.0,0.0,0.0,0.0,0.0,0.0,-6.490261372782413e-08,-5.305818007173002e-10,1.7149641706737384e-09,False
lstm_ens_rep1,ensemble,ood_test,channel,0.95,0.001,True,0.8651164028375423,3.7938399812740835,7.767702583222475,1.045653219566263e-06,6.490261362825081e-07,0.0,1.045653219566263e-06,1.045653219566263e-06,0.0,1.045653219566263e-06,0.0,0.0,0.0,False
lstm_ens_rep1,ensemble,ood_test,channel,0.95,0.01,False,0.8644876912193254,3.77345990010894,7.761366251818115,0.010106238367107933,0.0011860952640562836,0.004879017922496183,0.0027960767091201873,0.010106238367107933,0.0010968902273250098,0.004862287470983123,-0.0006287116182168706,-0.020380081165143338,-0.006336331404360074,False
lstm_ens_rep1,ensemble,ood_test,horizon_channel,0.5,0.0001,False,0.3769395821569735,0.6469037235450343,2.262889329348021,0.0,0.0,0.0,0.0,0.0,0.0,0.0,0.0,-1.1099465790920249e-10,1.1099476893150495e-10,False
lstm_ens_rep1,ensemble,ood_test,horizon_channel,0.5,0.001,True,0.3769395821569735,0.646903723656029,2.262889329237026,1.045653219566263e-06,6.490261362825081e-07,0.0,1.045653219566263e-06,1.045653219566263e-06,0.0,1.045653219566263e-06,0.0,0.0,0.0,False
lstm_ens_rep1,ensemble,ood_test,horizon_channel,0.5,0.01,False,0.37678926770381044,0.6463561201486092,2.2627611427428937,0.010106238367107933,0.0011860952640562836,0.004879017922496183,0.0027960767091201873,0.010106238367107933,0.0010968902273250098,0.004862287470983123,-0.00015031445316304737,-0.0005476035074197805,-0.00012818649413226524,False
lstm_ens_rep1,ensemble,ood_test,horizon_channel,0.8,0.0001,False,0.6479234408769641,1.5649857043937725,3.937675629156259,0.0,0.0,0.0,0.0,0.0,0.0,0.0,0.0,-2.3299384643848953e-10,9.319740534863286e-10,False
lstm_ens_rep1,ensemble,ood_test,horizon_channel,0.8,0.001,True,0.6479234408769641,1.5649857046267663,3.937675628224285,1.045653219566263e-06,6.490261362825081e-07,0.0,1.045653219566263e-06,1.045653219566263e-06,0.0,1.045653219566263e-06,0.0,0.0,0.0,False
lstm_ens_rep1,ensemble,ood_test,horizon_channel,0.8,0.01,False,0.6476367011299545,1.562239182180059,3.9365203437793617,0.010106238367107933,0.0011860952640562836,0.004879017922496183,0.0027960767091201873,0.010106238367107933,0.0010968902273250098,0.004862287470983123,-0.00028673974700954563,-0.0027465224467073668,-0.00115528444492341,False
lstm_ens_rep1,ensemble,ood_test,horizon_channel,0.9,0.0001,False,0.7767819986110841,2.42195127740381,5.5333659503825,0.0,0.0,0.0,0.0,0.0,0.0,0.0,0.0,-3.288476158047615e-10,2.9596289863320635e-09,False
lstm_ens_rep1,ensemble,ood_test,horizon_channel,0.9,0.001,True,0.7767819986110841,2.4219512777326577,5.533365947422871,1.045653219566263e-06,6.490261362825081e-07,0.0,1.045653219566263e-06,1.045653219566263e-06,0.0,1.045653219566263e-06,0.0,0.0,0.0,False
lstm_ens_rep1,ensemble,ood_test,horizon_channel,0.9,0.01,False,0.7763390382730713,2.413911440716043,5.529434554815925,0.010106238367107933,0.0011860952640562836,0.004879017922496183,0.0027960767091201873,0.010106238367107933,0.0010968902273250098,0.004862287470983123,-0.0004429603380128322,-0.008039837016614815,-0.0039313926069457494,False
lstm_ens_rep1,ensemble,ood_test,horizon_channel,0.95,0.0001,False,0.8627643321196544,3.470668218632311,7.300480710355018,0.0,0.0,0.0,0.0,0.0,0.0,0.0,-6.490261361680183e-08,-4.344307136250336e-10,6.5662479897810044e-09,False
lstm_ens_rep1,ensemble,ood_test,horizon_channel,0.95,0.001,True,0.862764397022268,3.4706682190667415,7.30048070378877,1.045653219566263e-06,6.490261362825081e-07,0.0,1.045653219566263e-06,1.045653219566263e-06,0.0,1.045653219566263e-06,0.0,0.0,0.0,False
lstm_ens_rep1,ensemble,ood_test,horizon_channel,0.95,0.01,False,0.8622693198855118,3.453764525105796,7.29163295222329,0.010106238367107933,0.0011860952640562836,0.004879017922496183,0.0027960767091201873,0.010106238367107933,0.0010968902273250098,0.004862287470983123,-0.0004950771367562279,-0.01690369396094571,-0.008847751565479456,False
lstm_ens_rep2,ensemble,test,channel,0.5,0.0001,False,0.6462984503419286,0.3256375319209964,0.6621647703425844,0.0,0.0,0.0,0.0,0.0,0.0,0.0,0.0,-1.1117178289055119e-09,1.1117178289055119e-09,False
lstm_ens_rep2,ensemble,test,channel,0.5,0.001,True,0.6462984503419286,0.32563753303271425,0.6621647692308665,1.045653219566263e-06,2.1958717610891523e-06,0.0,0.0,1.045653219566263e-06,0.0,0.0,0.0,0.0,0.0,False
lstm_ens_rep2,ensemble,test,channel,0.5,0.01,False,0.6463941276115189,0.32532292026224385,0.6620083428253449,0.01587928979233327,0.01700075287031809,0.0036200514461384027,0.0028159441202919465,0.01587928979233327,0.0071303093042223474,0.004403245707593533,9.567726959036627e-05,-0.0003146127704704016,-0.00015642640552160358,False
lstm_ens_rep2,ensemble,test,channel,0.8,0.0001,False,0.8694467030553987,0.8282331782512244,1.208842211085354,0.0,0.0,0.0,0.0,0.0,0.0,0.0,0.0,-3.1477085382647374e-09,1.2590835707371184e-08,False
lstm_ens_rep2,ensemble,test,channel,0.8,0.001,True,0.8694467030553987,0.828233181398933,1.2088421984945183,1.045653219566263e-06,2.1958717610891523e-06,0.0,0.0,1.045653219566263e-06,0.0,0.0,0.0,0.0,0.0,False
lstm_ens_rep2,ensemble,test,channel,0.8,0.01,False,0.8695261308739569,0.8262255706030579,1.2074620391554176,0.01587928979233327,0.01700075287031809,0.0036200514461384027,0.0028159441202919465,0.01587928979233327,0.0071303093042223474,0.004403245707593533,7.942781855818648e-05,-0.002007610795875081,-0.0013801593391007394,False
lstm_ens_rep2,ensemble,test,channel,0.9,0.0001,False,0.9357440240918502,1.3059943079973593,1.7426047715789785,0.0,0.0,0.0,0.0,0.0,0.0,0.0,0.0,-5.1320789840048064e-09,4.4059893067327494e-08,False
lstm_ens_rep2,ensemble,test,channel,0.9,0.001,True,0.9357440240918502,1.3059943131294383,1.7426047275190855,1.045653219566263e-06,2.1958717610891523e-06,0.0,0.0,1.045653219566263e-06,0.0,0.0,0.0,0.0,0.0,False
lstm_ens_rep2,ensemble,test,channel,0.9,0.01,False,0.9357984189723321,1.2999095180344298,1.738143654553075,0.01587928979233327,0.01700075287031809,0.0036200514461384027,0.0028159441202919465,0.01587928979233327,0.0071303093042223474,0.004403245707593533,5.439488048186725e-05,-0.006084795095008477,-0.004461072966010393,False
lstm_ens_rep2,ensemble,test,channel,0.95,0.0001,False,0.9677248886379322,1.9029265169012242,2.413154724805792,0.0,0.0,0.0,0.0,0.0,0.0,0.0,0.0,-7.56154094894157e-09,1.3738504645033345e-07,False
lstm_ens_rep2,ensemble,test,channel,0.95,0.001,True,0.9677248886379322,1.9029265244627651,2.4131545874207454,1.045653219566263e-06,2.1958717610891523e-06,0.0,0.0,1.045653219566263e-06,0.0,0.0,0.0,0.0,0.0,False
lstm_ens_rep2,ensemble,test,channel,0.95,0.01,False,0.9677218771566598,1.8869862874963537,2.401153368771352,0.01587928979233327,0.01700075287031809,0.0036200514461384027,0.0028159441202919465,0.01587928979233327,0.0071303093042223474,0.004403245707593533,-3.011481272352512e-06,-0.015940236966411447,-0.012001218649393408,False
lstm_ens_rep2,ensemble,test,horizon_channel,0.5,0.0001,False,0.646133069828722,0.32303381507318596,0.6494006968922671,0.0,0.0,0.0,0.0,0.0,0.0,0.0,0.0,-1.8549781710675006e-09,1.8549780600451982e-09,False
lstm_ens_rep2,ensemble,test,horizon_channel,0.5,0.001,True,0.646133069828722,0.32303381692816413,0.649400695037289,1.045653219566263e-06,2.1958717610891523e-06,0.0,0.0,1.045653219566263e-06,0.0,0.0,0.0,0.0,0.0,False
lstm_ens_rep2,ensemble,test,horizon_channel,0.5,0.01,False,0.6462208419599724,0.3226823464036181,0.6492543180932364,0.01587928979233327,0.01700075287031809,0.0036200514461384027,0.0028159441202919465,0.01587928979233327,0.0071303093042223474,0.004403245707593533,8.777213125044092e-05,-0.0003514705245460381,-0.00014637694405261747,False
lstm_ens_rep2,ensemble,test,horizon_channel,0.8,0.0001,False,0.8685884308927787,0.7684433344266661,1.1366230583997066,0.0,0.0,0.0,0.0,0.0,0.0,0.0,0.0,-4.695773991869601e-09,1.7671313079503648e-08,False
lstm_ens_rep2,ensemble,test,horizon_channel,0.8,0.001,True,0.8685884308927787,0.7684433391224401,1.1366230407283935,1.045653219566263e-06,2.1958717610891523e-06,0.0,0.0,1.045653219566263e-06,0.0,0.0,0.0,0.0,0.0,False
lstm_ens_rep2,ensemble,test,horizon_channel,0.8,0.01,False,0.8686310308049439,0.7666681604800312,1.1354919394232734,0.01587928979233327,0.01700075287031809,0.0036200514461384027,0.0028159441202919465,0.01587928979233327,0.0071303093042223474,0.004403245707593533,4.259991216515324e-05,-0.0017751786424089477,-0.0011311013051200636,False
lstm_ens_rep2,ensemble,test,horizon_channel,0.9,0.0001,False,0.9350981868373173,1.1736396649687115,1.5953972839496875,0.0,0.0,0.0,0.0,0.0,0.0,0.0,0.0,-7.290183123842553e-09,6.215901393602508e-08,False
lstm_ens_rep2,ensemble,test,horizon_channel,0.9,0.001,True,0.9350981868373173,1.1736396722588947,1.5953972217906736,1.045653219566263e-06,2.1958717610891523e-06,0.0,0.0,1.045653219566263e-06,0.0,0.0,0.0,0.0,0.0,False
lstm_ens_rep2,ensemble,test,horizon_channel,0.9,0.01,False,0.9351468724512203,1.1687784890182873,1.591983466821832,0.01587928979233327,0.01700075287031809,0.0036200514461384027,0.0028159441202919465,0.01587928979233327,0.0071303093042223474,0.004403245707593533,4.8685613903032277e-05,-0.0048611832406073585,-0.0034137549688415536,False
lstm_ens_rep2,ensemble,test,horizon_channel,0.95,0.0001,False,0.9672508940335027,1.679167117562086,2.163807196987236,0.0,0.0,0.0,0.0,0.0,0.0,0.0,0.0,-1.036100383267069e-08,1.869887951144733e-07,False
lstm_ens_rep2,ensemble,test,horizon_channel,0.95,0.001,True,0.9672508940335027,1.6791671279230898,2.163807009998441,1.045653219566263e-06,2.1958717610891523e-06,0.0,0.0,1.045653219566263e-06,0.0,0.0,0.0,0.0,0.0,False
lstm_ens_rep2,ensemble,test,horizon_channel,0.95,0.01,False,0.9672796913231696,1.6675286941142793,2.15530324362805,0.01587928979233327,0.01700075287031809,0.0036200514461384027,0.0028159441202919465,0.01587928979233327,0.0071303093042223474,0.004403245707593533,2.8797289666870896e-05,-0.011638433808810467,-0.008503766370390853,False
lstm_ens_rep2,ensemble,ood_test,channel,0.5,0.0001,False,0.37913335540022197,0.6504973169276504,2.2898622392837664,0.0,0.0,0.0,0.0,0.0,0.0,0.0,0.0,-1.2110845659663028e-10,1.2110845659663028e-10,False
lstm_ens_rep2,ensemble,ood_test,channel,0.5,0.001,True,0.37913335540022197,0.6504973170487589,2.289862239162658,1.045653219566263e-06,3.2451306814125407e-07,0.0,0.0,1.045653219566263e-06,0.0,0.0,0.0,0.0,0.0,False
lstm_ens_rep2,ensemble,ood_test,channel,0.5,0.01,False,0.37891262161127226,0.6497323752629545,2.2897545533402672,0.01587928979233327,0.0030546415104136244,0.0036200514461384027,0.0028159441202919465,0.01587928979233327,0.0071303093042223474,0.004403245707593533,-0.00022073378894971185,-0.0007649417858044405,-0.0001076858223907351,False
lstm_ens_rep2,ensemble,ood_test,channel,0.8,0.0001,False,0.6398265153137717,1.6420089003211633,4.07406721790929,0.0,0.0,0.0,0.0,0.0,0.0,0.0,0.0,-3.484366128958527e-10,1.3937473397618305e-09,False
lstm_ens_rep2,ensemble,ood_test,channel,0.8,0.001,True,0.6398265153137717,1.6420089006696,4.074067216515543,1.045653219566263e-06,3.2451306814125407e-07,0.0,0.0,1.045653219566263e-06,0.0,0.0,0.0,0.0,0.0,False
lstm_ens_rep2,ensemble,ood_test,channel,0.8,0.01,False,0.6393406543481506,1.6377352555656912,4.073511542750523,0.01587928979233327,0.0030546415104136244,0.0036200514461384027,0.0028159441202919465,0.01587928979233327,0.0071303093042223474,0.004403245707593533,-0.0004858609656210877,-0.0042736451039087076,-0.0005556737650200816,False
lstm_ens_rep2,ensemble,ood_test,channel,0.9,0.0001,False,0.7623786807894753,2.5867772910511526,5.8383632498137885,0.0,0.0,0.0,0.0,0.0,0.0,0.0,0.0,-5.703393313183369e-10,5.133057534578711e-09,False
lstm_ens_rep2,ensemble,ood_test,channel,0.9,0.001,True,0.7623786807894753,2.586777291621492,5.838363244680731,1.045653219566263e-06,3.2451306814125407e-07,0.0,0.0,1.045653219566263e-06,0.0,0.0,0.0,0.0,0.0,False
lstm_ens_rep2,ensemble,ood_test,channel,0.9,0.01,False,0.7616676077545643,2.57451145543482,5.8376411083198985,0.01587928979233327,0.0030546415104136244,0.0036200514461384027,0.0028159441202919465,0.01587928979233327,0.0071303093042223474,0.004403245707593533,-0.000711073034911025,-0.012265836186672097,-0.0007221363608325149,False
lstm_ens_rep2,ensemble,ood_test,channel,0.95,0.0001,False,0.8480318931443369,3.7749411124781735,7.891661902787787,0.0,0.0,0.0,0.0,0.0,0.0,0.0,0.0,-8.418155061917787e-10,1.5994494617643795e-08,False
lstm_ens_rep2,ensemble,ood_test,channel,0.95,0.001,True,0.8480318931443369,3.774941113319989,7.891661886793292,1.045653219566263e-06,3.2451306814125407e-07,0.0,0.0,1.045653219566263e-06,0.0,0.0,0.0,0.0,0.0,False
lstm_ens_rep2,ensemble,ood_test,channel,0.95,0.01,False,0.8470500464053687,3.74359511433083,7.894283557168474,0.01587928979233327,0.0030546415104136244,0.0036200514461384027,0.0028159441202919465,0.01587928979233327,0.0071303093042223474,0.004403245707593533,-0.0009818467389681729,-0.03134599898915891,0.002621670375181573,False
lstm_ens_rep2,ensemble,ood_test,horizon_channel,0.5,0.0001,False,0.37793324117162197,0.6497703788559408,2.272395996043092,0.0,0.0,0.0,0.0,0.0,0.0,0.0,0.0,-2.309396007760256e-10,2.309401558875379e-10,False
lstm_ens_rep2,ensemble,ood_test,horizon_channel,0.5,0.001,True,0.37793324117162197,0.6497703790868804,2.272395995812152,1.045653219566263e-06,3.2451306814125407e-07,0.0,0.0,1.045653219566263e-06,0.0,0.0,0.0,0.0,0.0,False
lstm_ens_rep2,ensemble,ood_test,horizon_channel,0.5,0.01,False,0.37767278698313184,0.6488319020796238,2.272218919564642,0.01587928979233327,0.0030546415104136244,0.0036200514461384027,0.0028159441202919465,0.01587928979233327,0.0071303093042223474,0.004403245707593533,-0.00026045418849013346,-0.0009384770072565773,-0.0001770762475099552,False
lstm_ens_rep2,ensemble,ood_test,horizon_channel,0.8,0.0001,False,0.6355635818454409,1.5439081384677338,3.976842687071135,0.0,0.0,0.0,0.0,0.0,0.0,0.0,0.0,-5.946452219518505e-10,2.378580887807402e-09,False
lstm_ens_rep2,ensemble,ood_test,horizon_channel,0.8,0.001,True,0.6355635818454409,1.543908139062379,3.976842684692554,1.045653219566263e-06,3.2451306814125407e-07,0.0,0.0,1.045653219566263e-06,0.0,0.0,0.0,0.0,0.0,False
lstm_ens_rep2,ensemble,ood_test,horizon_channel,0.8,0.01,False,0.6350708412027752,1.5397576649007356,3.9759731029938465,0.01587928979233327,0.0030546415104136244,0.0036200514461384027,0.0028159441202919465,0.01587928979233327,0.0071303093042223474,0.004403245707593533,-0.00049274064266569,-0.0041504741616433805,-0.0008695816987076554,False
lstm_ens_rep2,ensemble,ood_test,horizon_channel,0.9,0.0001,False,0.7568952536718654,2.3646523529713326,5.626775547896231,0.0,0.0,0.0,0.0,0.0,0.0,0.0,0.0,-9.176277515621223e-10,8.258647987702261e-09,False
lstm_ens_rep2,ensemble,ood_test,horizon_channel,0.9,0.001,True,0.7568952536718654,2.3646523538889603,5.626775539637583,1.045653219566263e-06,3.2451306814125407e-07,0.0,0.0,1.045653219566263e-06,0.0,0.0,0.0,0.0,0.0,False
lstm_ens_rep2,ensemble,ood_test,horizon_channel,0.9,0.01,False,0.7562597921818311,2.35408101773399,5.625145998505255,0.01587928979233327,0.0030546415104136244,0.0036200514461384027,0.0028159441202919465,0.01587928979233327,0.0071303093042223474,0.004403245707593533,-0.0006354614900342392,-0.01057133615497019,-0.0016295411323277165,False
lstm_ens_rep2,ensemble,ood_test,horizon_channel,0.95,0.0001,False,0.8428908922162296,3.3988888020241808,7.447530357993057,0.0,0.0,0.0,0.0,0.0,0.0,0.0,0.0,-1.3296381773386656e-09,2.5263122260810178e-08,False
lstm_ens_rep2,ensemble,ood_test,horizon_channel,0.95,0.001,True,0.8428908922162296,3.398888803353819,7.447530332729935,1.045653219566263e-06,3.2451306814125407e-07,0.0,0.0,1.045653219566263e-06,0.0,0.0,0.0,0.0,0.0,False
lstm_ens_rep2,ensemble,ood_test,horizon_channel,0.95,0.01,False,0.8420803234746264,3.3744711433781824,7.445886853525138,0.01587928979233327,0.0030546415104136244,0.0036200514461384027,0.0028159441202919465,0.01587928979233327,0.0071303093042223474,0.004403245707593533,-0.0008105687416032348,-0.024417659975636496,-0.0016434792047963498,False
lstm_gauss_rep0,gaussian,test,channel,0.5,0.0001,False,0.6105758203149507,0.3309864404176586,0.6727308729917436,0.0,0.0,0.0,0.0,0.0,0.0,0.0,0.0,0.0,0.0,False
lstm_gauss_rep0,gaussian,test,channel,0.5,0.001,True,0.6105758203149507,0.3309864404176586,0.6727308729917436,0.0,0.0,0.0,0.0,0.0,0.0,0.0,0.0,0.0,0.0,False
lstm_gauss_rep0,gaussian,test,channel,0.5,0.01,False,0.6105758203149507,0.3309864404176586,0.6727308729917436,0.0,0.0,0.0,0.0,0.0,0.0,0.0,0.0,0.0,0.0,False
lstm_gauss_rep0,gaussian,test,channel,0.8,0.0001,False,0.8568217579521927,0.6754815846942032,1.0519703306791979,0.0,0.0,0.0,0.0,0.0,0.0,0.0,0.0,0.0,0.0,False
lstm_gauss_rep0,gaussian,test,channel,0.8,0.001,True,0.8568217579521927,0.6754815846942032,1.0519703306791979,0.0,0.0,0.0,0.0,0.0,0.0,0.0,0.0,0.0,0.0,False
lstm_gauss_rep0,gaussian,test,channel,0.8,0.01,False,0.8568217579521927,0.6754815846942032,1.0519703306791979,0.0,0.0,0.0,0.0,0.0,0.0,0.0,0.0,0.0,0.0,False
lstm_gauss_rep0,gaussian,test,channel,0.9,0.0001,False,0.9264913733609386,0.9243497970054244,1.358496438418411,0.0,0.0,0.0,0.0,0.0,0.0,0.0,0.0,0.0,0.0,False
lstm_gauss_rep0,gaussian,test,channel,0.9,0.001,True,0.9264913733609386,0.9243497970054244,1.358496438418411,0.0,0.0,0.0,0.0,0.0,0.0,0.0,0.0,0.0,0.0,False
lstm_gauss_rep0,gaussian,test,channel,0.9,0.01,False,0.9264913733609386,0.9243497970054244,1.358496438418411,0.0,0.0,0.0,0.0,0.0,0.0,0.0,0.0,0.0,0.0,False
lstm_gauss_rep0,gaussian,test,channel,0.95,0.0001,False,0.9612076667294058,1.1884808211308793,1.6938794368574683,0.0,0.0,0.0,0.0,0.0,0.0,0.0,0.0,0.0,0.0,False
lstm_gauss_rep0,gaussian,test,channel,0.95,0.001,True,0.9612076667294058,1.1884808211308793,1.6938794368574683,0.0,0.0,0.0,0.0,0.0,0.0,0.0,0.0,0.0,0.0,False
lstm_gauss_rep0,gaussian,test,channel,0.95,0.01,False,0.9612076667294058,1.1884808211308793,1.6938794368574683,0.0,0.0,0.0,0.0,0.0,0.0,0.0,0.0,0.0,0.0,False
lstm_gauss_rep0,gaussian,test,horizon_channel,0.5,0.0001,False,0.610859715164063,0.32771467861611353,0.6721695149889846,0.0,0.0,0.0,0.0,0.0,0.0,0.0,0.0,0.0,0.0,False
lstm_gauss_rep0,gaussian,test,horizon_channel,0.5,0.001,True,0.610859715164063,0.32771467861611353,0.6721695149889846,0.0,0.0,0.0,0.0,0.0,0.0,0.0,0.0,0.0,0.0,False
lstm_gauss_rep0,gaussian,test,horizon_channel,0.5,0.01,False,0.610859715164063,0.32771467861611353,0.6721695149889846,0.0,0.0,0.0,0.0,0.0,0.0,0.0,0.0,0.0,0.0,False
lstm_gauss_rep0,gaussian,test,horizon_channel,0.8,0.0001,False,0.8565546144676579,0.670664209495929,1.0512104399570197,0.0,0.0,0.0,0.0,0.0,0.0,0.0,0.0,0.0,0.0,False
lstm_gauss_rep0,gaussian,test,horizon_channel,0.8,0.001,True,0.8565546144676579,0.670664209495929,1.0512104399570197,0.0,0.0,0.0,0.0,0.0,0.0,0.0,0.0,0.0,0.0,False
lstm_gauss_rep0,gaussian,test,horizon_channel,0.8,0.01,False,0.8565546144676579,0.670664209495929,1.0512104399570197,0.0,0.0,0.0,0.0,0.0,0.0,0.0,0.0,0.0,0.0,False
lstm_gauss_rep0,gaussian,test,horizon_channel,0.9,0.0001,False,0.9262854633289416,0.923644732065692,1.3577482280367108,0.0,0.0,0.0,0.0,0.0,0.0,0.0,0.0,0.0,0.0,False
lstm_gauss_rep0,gaussian,test,horizon_channel,0.9,0.001,True,0.9262854633289416,0.923644732065692,1.3577482280367108,0.0,0.0,0.0,0.0,0.0,0.0,0.0,0.0,0.0,0.0,False
lstm_gauss_rep0,gaussian,test,horizon_channel,0.9,0.01,False,0.9262854633289416,0.923644732065692,1.3577482280367108,0.0,0.0,0.0,0.0,0.0,0.0,0.0,0.0,0.0,0.0,False
lstm_gauss_rep0,gaussian,test,horizon_channel,0.95,0.0001,False,0.9614739946044294,1.1975622936363677,1.6911423114167543,0.0,0.0,0.0,0.0,0.0,0.0,0.0,0.0,0.0,0.0,False
lstm_gauss_rep0,gaussian,test,horizon_channel,0.95,0.001,True,0.9614739946044294,1.1975622936363677,1.6911423114167543,0.0,0.0,0.0,0.0,0.0,0.0,0.0,0.0,0.0,0.0,False
lstm_gauss_rep0,gaussian,test,horizon_channel,0.95,0.01,False,0.9614739946044294,1.1975622936363677,1.6911423114167543,0.0,0.0,0.0,0.0,0.0,0.0,0.0,0.0,0.0,0.0,False
lstm_gauss_rep0,gaussian,ood_test,channel,0.5,0.0001,False,0.21771769959176257,0.34504993450236804,2.4335188165353507,0.0,0.0,0.0,0.0,0.0,0.0,0.0,0.0,0.0,0.0,False
lstm_gauss_rep0,gaussian,ood_test,channel,0.5,0.001,True,0.21771769959176257,0.34504993450236804,2.4335188165353507,0.0,0.0,0.0,0.0,0.0,0.0,0.0,0.0,0.0,0.0,False
lstm_gauss_rep0,gaussian,ood_test,channel,0.5,0.01,False,0.21771769959176257,0.34504993450236804,2.4335188165353507,0.0,0.0,0.0,0.0,0.0,0.0,0.0,0.0,0.0,0.0,False
lstm_gauss_rep0,gaussian,ood_test,channel,0.8,0.0001,False,0.39268774703557313,0.7043293865648804,4.7567926010332595,0.0,0.0,0.0,0.0,0.0,0.0,0.0,0.0,0.0,0.0,False
lstm_gauss_rep0,gaussian,ood_test,channel,0.8,0.001,True,0.39268774703557313,0.7043293865648804,4.7567926010332595,0.0,0.0,0.0,0.0,0.0,0.0,0.0,0.0,0.0,0.0,False
lstm_gauss_rep0,gaussian,ood_test,channel,0.8,0.01,False,0.39268774703557313,0.7043293865648804,4.7567926010332595,0.0,0.0,0.0,0.0,0.0,0.0,0.0,0.0,0.0,0.0,False
lstm_gauss_rep0,gaussian,ood_test,channel,0.9,0.0001,False,0.4906954315050267,0.9651484726713655,7.7316682489394735,0.0,0.0,0.0,0.0,0.0,0.0,0.0,0.0,0.0,0.0,False
lstm_gauss_rep0,gaussian,ood_test,channel,0.9,0.001,True,0.4906954315050267,0.9651484726713655,7.7316682489394735,0.0,0.0,0.0,0.0,0.0,0.0,0.0,0.0,0.0,0.0,False
lstm_gauss_rep0,gaussian,ood_test,channel,0.9,0.01,False,0.4906954315050267,0.9651484726713655,7.7316682489394735,0.0,0.0,0.0,0.0,0.0,0.0,0.0,0.0,0.0,0.0,False
lstm_gauss_rep0,gaussian,ood_test,channel,0.95,0.0001,False,0.5733277517085613,1.24400630790967,12.411438393446186,0.0,0.0,0.0,0.0,0.0,0.0,0.0,0.0,0.0,0.0,False
lstm_gauss_rep0,gaussian,ood_test,channel,0.95,0.001,True,0.5733277517085613,1.24400630790967,12.411438393446186,0.0,0.0,0.0,0.0,0.0,0.0,0.0,0.0,0.0,0.0,False
lstm_gauss_rep0,gaussian,ood_test,channel,0.95,0.01,False,0.5733277517085613,1.24400630790967,12.411438393446186,0.0,0.0,0.0,0.0,0.0,0.0,0.0,0.0,0.0,0.0,False
lstm_gauss_rep0,gaussian,ood_test,horizon_channel,0.5,0.0001,False,0.21981424871979593,0.34163383856095586,2.4370658639373124,0.0,0.0,0.0,0.0,0.0,0.0,0.0,0.0,0.0,0.0,False
lstm_gauss_rep0,gaussian,ood_test,horizon_channel,0.5,0.001,True,0.21981424871979593,0.34163383856095586,2.4370658639373124,0.0,0.0,0.0,0.0,0.0,0.0,0.0,0.0,0.0,0.0,False
lstm_gauss_rep0,gaussian,ood_test,horizon_channel,0.5,0.01,False,0.21981424871979593,0.34163383856095586,2.4370658639373124,0.0,0.0,0.0,0.0,0.0,0.0,0.0,0.0,0.0,0.0,False
lstm_gauss_rep0,gaussian,ood_test,horizon_channel,0.8,0.0001,False,0.3931596539392641,0.6992850424353148,4.773630543116106,0.0,0.0,0.0,0.0,0.0,0.0,0.0,0.0,0.0,0.0,False
lstm_gauss_rep0,gaussian,ood_test,horizon_channel,0.8,0.001,True,0.3931596539392641,0.6992850424353148,4.773630543116106,0.0,0.0,0.0,0.0,0.0,0.0,0.0,0.0,0.0,0.0,False
lstm_gauss_rep0,gaussian,ood_test,horizon_channel,0.8,0.01,False,0.3931596539392641,0.6992850424353148,4.773630543116106,0.0,0.0,0.0,0.0,0.0,0.0,0.0,0.0,0.0,0.0,False
lstm_gauss_rep0,gaussian,ood_test,horizon_channel,0.9,0.0001,False,0.4904569143999429,0.9645474164907883,7.734778998223893,0.0,0.0,0.0,0.0,0.0,0.0,0.0,0.0,0.0,0.0,False
lstm_gauss_rep0,gaussian,ood_test,horizon_channel,0.9,0.001,True,0.4904569143999429,0.9645474164907883,7.734778998223893,0.0,0.0,0.0,0.0,0.0,0.0,0.0,0.0,0.0,0.0,False
lstm_gauss_rep0,gaussian,ood_test,horizon_channel,0.9,0.01,False,0.4904569143999429,0.9645474164907883,7.734778998223893,0.0,0.0,0.0,0.0,0.0,0.0,0.0,0.0,0.0,0.0,False
lstm_gauss_rep0,gaussian,ood_test,horizon_channel,0.95,0.0001,False,0.5737661688636201,1.2541804434826465,12.297190930237743,0.0,0.0,0.0,0.0,0.0,0.0,0.0,0.0,0.0,0.0,False
lstm_gauss_rep0,gaussian,ood_test,horizon_channel,0.95,0.001,True,0.5737661688636201,1.2541804434826465,12.297190930237743,0.0,0.0,0.0,0.0,0.0,0.0,0.0,0.0,0.0,0.0,False
lstm_gauss_rep0,gaussian,ood_test,horizon_channel,0.95,0.01,False,0.5737661688636201,1.2541804434826465,12.297190930237743,0.0,0.0,0.0,0.0,0.0,0.0,0.0,0.0,0.0,0.0,False
lstm_gauss_rep1,gaussian,test,channel,0.5,0.0001,False,0.6290643076730034,0.3303534030708605,0.6698167952705937,0.0,0.0,0.0,0.0,0.0,0.0,0.0,0.0,0.0,0.0,False
lstm_gauss_rep1,gaussian,test,channel,0.5,0.001,True,0.6290643076730034,0.3303534030708605,0.6698167952705937,0.0,0.0,0.0,0.0,0.0,0.0,0.0,0.0,0.0,0.0,False
lstm_gauss_rep1,gaussian,test,channel,0.5,0.01,False,0.6290643076730034,0.3303534030708605,0.6698167952705937,0.0,0.0,0.0,0.0,0.0,0.0,0.0,0.0,0.0,0.0,False
lstm_gauss_rep1,gaussian,test,channel,0.8,0.0001,False,0.8542162619988707,0.6790287550652956,1.051787598699696,0.0,0.0,0.0,0.0,0.0,0.0,0.0,0.0,0.0,0.0,False
lstm_gauss_rep1,gaussian,test,channel,0.8,0.001,True,0.8542162619988707,0.6790287550652956,1.051787598699696,0.0,0.0,0.0,0.0,0.0,0.0,0.0,0.0,0.0,0.0,False
lstm_gauss_rep1,gaussian,test,channel,0.8,0.01,False,0.8542162619988707,0.6790287550652956,1.051787598699696,0.0,0.0,0.0,0.0,0.0,0.0,0.0,0.0,0.0,0.0,False
lstm_gauss_rep1,gaussian,test,channel,0.9,0.0001,False,0.9272336407553798,0.9384217949054058,1.3579726225600712,0.0,0.0,0.0,0.0,0.0,0.0,0.0,0.0,0.0,0.0,False
lstm_gauss_rep1,gaussian,test,channel,0.9,0.001,True,0.9272336407553798,0.9384217949054058,1.3579726225600712,0.0,0.0,0.0,0.0,0.0,0.0,0.0,0.0,0.0,0.0,False
lstm_gauss_rep1,gaussian,test,channel,0.9,0.01,False,0.9272336407553798,0.9384217949054058,1.3579726225600712,0.0,0.0,0.0,0.0,0.0,0.0,0.0,0.0,0.0,0.0,False
lstm_gauss_rep1,gaussian,test,channel,0.95,0.0001,False,0.9627881924838446,1.2116351361690634,1.692424551698093,0.0,0.0,0.0,0.0,0.0,0.0,0.0,0.0,0.0,0.0,False
lstm_gauss_rep1,gaussian,test,channel,0.95,0.001,True,0.9627881924838446,1.2116351361690634,1.692424551698093,0.0,0.0,0.0,0.0,0.0,0.0,0.0,0.0,0.0,0.0,False
lstm_gauss_rep1,gaussian,test,channel,0.95,0.01,False,0.9627881924838446,1.2116351361690634,1.692424551698093,0.0,0.0,0.0,0.0,0.0,0.0,0.0,0.0,0.0,0.0,False
lstm_gauss_rep1,gaussian,test,horizon_channel,0.5,0.0001,False,0.6291003199698851,0.32747287427199856,0.6692507981773254,0.0,0.0,0.0,0.0,0.0,0.0,0.0,0.0,0.0,0.0,False
lstm_gauss_rep1,gaussian,test,horizon_channel,0.5,0.001,True,0.6291003199698851,0.32747287427199856,0.6692507981773254,0.0,0.0,0.0,0.0,0.0,0.0,0.0,0.0,0.0,0.0,False
lstm_gauss_rep1,gaussian,test,horizon_channel,0.5,0.01,False,0.6291003199698851,0.32747287427199856,0.6692507981773254,0.0,0.0,0.0,0.0,0.0,0.0,0.0,0.0,0.0,0.0,False
lstm_gauss_rep1,gaussian,test,horizon_channel,0.8,0.0001,False,0.8542727900119205,0.6721061530314846,1.050675912222826,0.0,0.0,0.0,0.0,0.0,0.0,0.0,0.0,0.0,0.0,False
lstm_gauss_rep1,gaussian,test,horizon_channel,0.8,0.001,True,0.8542727900119205,0.6721061530314846,1.050675912222826,0.0,0.0,0.0,0.0,0.0,0.0,0.0,0.0,0.0,0.0,False
lstm_gauss_rep1,gaussian,test,horizon_channel,0.8,0.01,False,0.8542727900119205,0.6721061530314846,1.050675912222826,0.0,0.0,0.0,0.0,0.0,0.0,0.0,0.0,0.0,0.0,False
lstm_gauss_rep1,gaussian,test,horizon_channel,0.9,0.0001,False,0.9278692515214254,0.9377842745075873,1.3560541988942991,0.0,0.0,0.0,0.0,0.0,0.0,0.0,0.0,0.0,0.0,False
lstm_gauss_rep1,gaussian,test,horizon_channel,0.9,0.001,True,0.9278692515214254,0.9377842745075873,1.3560541988942991,0.0,0.0,0.0,0.0,0.0,0.0,0.0,0.0,0.0,0.0,False
lstm_gauss_rep1,gaussian,test,horizon_channel,0.9,0.01,False,0.9278692515214254,0.9377842745075873,1.3560541988942991,0.0,0.0,0.0,0.0,0.0,0.0,0.0,0.0,0.0,0.0,False
lstm_gauss_rep1,gaussian,test,horizon_channel,0.95,0.0001,False,0.9635680406549971,1.2207030585997392,1.6877184372533525,0.0,0.0,0.0,0.0,0.0,0.0,0.0,0.0,0.0,0.0,False
lstm_gauss_rep1,gaussian,test,horizon_channel,0.95,0.001,True,0.9635680406549971,1.2207030585997392,1.6877184372533525,0.0,0.0,0.0,0.0,0.0,0.0,0.0,0.0,0.0,0.0,False
lstm_gauss_rep1,gaussian,test,horizon_channel,0.95,0.01,False,0.9635680406549971,1.2207030585997392,1.6877184372533525,0.0,0.0,0.0,0.0,0.0,0.0,0.0,0.0,0.0,0.0,False
lstm_gauss_rep1,gaussian,ood_test,channel,0.5,0.0001,False,0.22831519305282424,0.3757007840369953,2.4097804685203728,0.0,0.0,0.0,0.0,0.0,0.0,0.0,0.0,0.0,0.0,False
lstm_gauss_rep1,gaussian,ood_test,channel,0.5,0.001,True,0.22831519305282424,0.3757007840369953,2.4097804685203728,0.0,0.0,0.0,0.0,0.0,0.0,0.0,0.0,0.0,0.0,False
lstm_gauss_rep1,gaussian,ood_test,channel,0.5,0.01,False,0.22831519305282424,0.3757007840369953,2.4097804685203728,0.0,0.0,0.0,0.0,0.0,0.0,0.0,0.0,0.0,0.0,False
lstm_gauss_rep1,gaussian,ood_test,channel,0.8,0.0001,False,0.4095377635857396,0.7734550220070082,4.625063282410943,0.0,0.0,0.0,0.0,0.0,0.0,0.0,0.0,0.0,0.0,False
lstm_gauss_rep1,gaussian,ood_test,channel,0.8,0.001,True,0.4095377635857396,0.7734550220070082,4.625063282410943,0.0,0.0,0.0,0.0,0.0,0.0,0.0,0.0,0.0,0.0,False
lstm_gauss_rep1,gaussian,ood_test,channel,0.8,0.01,False,0.4095377635857396,0.7734550220070082,4.625063282410943,0.0,0.0,0.0,0.0,0.0,0.0,0.0,0.0,0.0,0.0,False
lstm_gauss_rep1,gaussian,ood_test,channel,0.9,0.0001,False,0.5125053706912778,1.0720811657318812,7.3556904769326055,0.0,0.0,0.0,0.0,0.0,0.0,0.0,0.0,0.0,0.0,False
lstm_gauss_rep1,gaussian,ood_test,channel,0.9,0.001,True,0.5125053706912778,1.0720811657318812,7.3556904769326055,0.0,0.0,0.0,0.0,0.0,0.0,0.0,0.0,0.0,0.0,False
lstm_gauss_rep1,gaussian,ood_test,channel,0.9,0.01,False,0.5125053706912778,1.0720811657318812,7.3556904769326055,0.0,0.0,0.0,0.0,0.0,0.0,0.0,0.0,0.0,0.0,False
lstm_gauss_rep1,gaussian,ood_test,channel,0.95,0.0001,False,0.5965093427312318,1.3889674866595993,11.564062897278337,0.0,0.0,0.0,0.0,0.0,0.0,0.0,0.0,0.0,0.0,False
lstm_gauss_rep1,gaussian,ood_test,channel,0.95,0.001,True,0.5965093427312318,1.3889674866595993,11.564062897278337,0.0,0.0,0.0,0.0,0.0,0.0,0.0,0.0,0.0,0.0,False
lstm_gauss_rep1,gaussian,ood_test,channel,0.95,0.01,False,0.5965093427312318,1.3889674866595993,11.564062897278337,0.0,0.0,0.0,0.0,0.0,0.0,0.0,0.0,0.0,0.0,False
lstm_gauss_rep1,gaussian,ood_test,horizon_channel,0.5,0.0001,False,0.23002609085067854,0.3721189865626625,2.4132424622406923,0.0,0.0,0.0,0.0,0.0,0.0,0.0,0.0,0.0,0.0,False
lstm_gauss_rep1,gaussian,ood_test,horizon_channel,0.5,0.001,True,0.23002609085067854,0.3721189865626625,2.4132424622406923,0.0,0.0,0.0,0.0,0.0,0.0,0.0,0.0,0.0,0.0,False
lstm_gauss_rep1,gaussian,ood_test,horizon_channel,0.5,0.01,False,0.23002609085067854,0.3721189865626625,2.4132424622406923,0.0,0.0,0.0,0.0,0.0,0.0,0.0,0.0,0.0,0.0,False
lstm_gauss_rep1,gaussian,ood_test,horizon_channel,0.8,0.0001,False,0.4090992166254535,0.764866099174131,4.651242394136246,0.0,0.0,0.0,0.0,0.0,0.0,0.0,0.0,0.0,0.0,False
lstm_gauss_rep1,gaussian,ood_test,horizon_channel,0.8,0.001,True,0.4090992166254535,0.764866099174131,4.651242394136246,0.0,0.0,0.0,0.0,0.0,0.0,0.0,0.0,0.0,0.0,False
lstm_gauss_rep1,gaussian,ood_test,horizon_channel,0.8,0.01,False,0.4090992166254535,0.764866099174131,4.651242394136246,0.0,0.0,0.0,0.0,0.0,0.0,0.0,0.0,0.0,0.0,False
lstm_gauss_rep1,gaussian,ood_test,horizon_channel,0.9,0.0001,False,0.5120256754739513,1.0714569064747477,7.361413889225551,0.0,0.0,0.0,0.0,0.0,0.0,0.0,0.0,0.0,0.0,False
lstm_gauss_rep1,gaussian,ood_test,horizon_channel,0.9,0.001,True,0.5120256754739513,1.0714569064747477,7.361413889225551,0.0,0.0,0.0,0.0,0.0,0.0,0.0,0.0,0.0,0.0,False
lstm_gauss_rep1,gaussian,ood_test,horizon_channel,0.9,0.01,False,0.5120256754739513,1.0714569064747477,7.361413889225551,0.0,0.0,0.0,0.0,0.0,0.0,0.0,0.0,0.0,0.0,False
lstm_gauss_rep1,gaussian,ood_test,horizon_channel,0.95,0.0001,False,0.5969060275057276,1.4008824390907408,11.451266468396557,0.0,0.0,0.0,0.0,0.0,0.0,0.0,0.0,0.0,0.0,False
lstm_gauss_rep1,gaussian,ood_test,horizon_channel,0.95,0.001,True,0.5969060275057276,1.4008824390907408,11.451266468396557,0.0,0.0,0.0,0.0,0.0,0.0,0.0,0.0,0.0,0.0,False
lstm_gauss_rep1,gaussian,ood_test,horizon_channel,0.95,0.01,False,0.5969060275057276,1.4008824390907408,11.451266468396557,0.0,0.0,0.0,0.0,0.0,0.0,0.0,0.0,0.0,0.0,False
lstm_gauss_rep2,gaussian,test,channel,0.5,0.0001,False,0.6344348453478889,0.3334164692882017,0.658197064149556,0.0,0.0,0.0,0.0,0.0,0.0,0.0,0.0,0.0,0.0,False
lstm_gauss_rep2,gaussian,test,channel,0.5,0.001,True,0.6344348453478889,0.3334164692882017,0.658197064149556,0.0,0.0,0.0,0.0,0.0,0.0,0.0,0.0,0.0,0.0,False
lstm_gauss_rep2,gaussian,test,channel,0.5,0.01,False,0.6344348453478889,0.3334164692882017,0.658197064149556,0.0,0.0,0.0,0.0,0.0,0.0,0.0,0.0,0.0,0.0,False
lstm_gauss_rep2,gaussian,test,channel,0.8,0.0001,False,0.8587612146307798,0.6852929260236246,1.0371329949947905,0.0,0.0,0.0,0.0,0.0,0.0,0.0,0.0,0.0,0.0,False
lstm_gauss_rep2,gaussian,test,channel,0.8,0.001,True,0.8587612146307798,0.6852929260236246,1.0371329949947905,0.0,0.0,0.0,0.0,0.0,0.0,0.0,0.0,0.0,0.0,False
lstm_gauss_rep2,gaussian,test,channel,0.8,0.01,False,0.8587612146307798,0.6852929260236246,1.0371329949947905,0.0,0.0,0.0,0.0,0.0,0.0,0.0,0.0,0.0,0.0,False
lstm_gauss_rep2,gaussian,test,channel,0.9,0.0001,False,0.9279910282953762,0.9420212384857489,1.3429890557205444,0.0,0.0,0.0,0.0,0.0,0.0,0.0,0.0,0.0,0.0,False
lstm_gauss_rep2,gaussian,test,channel,0.9,0.001,True,0.9279910282953762,0.9420212384857489,1.3429890557205444,0.0,0.0,0.0,0.0,0.0,0.0,0.0,0.0,0.0,0.0,False
lstm_gauss_rep2,gaussian,test,channel,0.9,0.01,False,0.9279910282953762,0.9420212384857489,1.3429890557205444,0.0,0.0,0.0,0.0,0.0,0.0,0.0,0.0,0.0,0.0,False
lstm_gauss_rep2,gaussian,test,channel,0.95,0.0001,False,0.9621111111111111,1.2092925376031396,1.684695856369799,0.0,0.0,0.0,0.0,0.0,0.0,0.0,0.0,0.0,0.0,False
lstm_gauss_rep2,gaussian,test,channel,0.95,0.001,True,0.9621111111111111,1.2092925376031396,1.684695856369799,0.0,0.0,0.0,0.0,0.0,0.0,0.0,0.0,0.0,0.0,False
lstm_gauss_rep2,gaussian,test,channel,0.95,0.01,False,0.9621111111111111,1.2092925376031396,1.684695856369799,0.0,0.0,0.0,0.0,0.0,0.0,0.0,0.0,0.0,0.0,False
lstm_gauss_rep2,gaussian,test,horizon_channel,0.5,0.0001,False,0.6343546019198193,0.32919414853343104,0.6571996659336211,0.0,0.0,0.0,0.0,0.0,0.0,0.0,0.0,0.0,0.0,False
lstm_gauss_rep2,gaussian,test,horizon_channel,0.5,0.001,True,0.6343546019198193,0.32919414853343104,0.6571996659336211,0.0,0.0,0.0,0.0,0.0,0.0,0.0,0.0,0.0,0.0,False
lstm_gauss_rep2,gaussian,test,horizon_channel,0.5,0.01,False,0.6343546019198193,0.32919414853343104,0.6571996659336211,0.0,0.0,0.0,0.0,0.0,0.0,0.0,0.0,0.0,0.0,False
lstm_gauss_rep2,gaussian,test,horizon_channel,0.8,0.0001,False,0.8586957149131063,0.6742923108853865,1.035247242209588,0.0,0.0,0.0,0.0,0.0,0.0,0.0,0.0,0.0,0.0,False
lstm_gauss_rep2,gaussian,test,horizon_channel,0.8,0.001,True,0.8586957149131063,0.6742923108853865,1.035247242209588,0.0,0.0,0.0,0.0,0.0,0.0,0.0,0.0,0.0,0.0,False
lstm_gauss_rep2,gaussian,test,horizon_channel,0.8,0.01,False,0.8586957149131063,0.6742923108853865,1.035247242209588,0.0,0.0,0.0,0.0,0.0,0.0,0.0,0.0,0.0,0.0,False
lstm_gauss_rep2,gaussian,test,horizon_channel,0.9,0.0001,False,0.9281762971328189,0.9329321041831964,1.341489740644559,0.0,0.0,0.0,0.0,0.0,0.0,0.0,0.0,0.0,0.0,False
lstm_gauss_rep2,gaussian,test,horizon_channel,0.9,0.001,True,0.9281762971328189,0.9329321041831964,1.341489740644559,0.0,0.0,0.0,0.0,0.0,0.0,0.0,0.0,0.0,0.0,False
lstm_gauss_rep2,gaussian,test,horizon_channel,0.9,0.01,False,0.9281762971328189,0.9329321041831964,1.341489740644559,0.0,0.0,0.0,0.0,0.0,0.0,0.0,0.0,0.0,0.0,False
lstm_gauss_rep2,gaussian,test,horizon_channel,0.95,0.0001,False,0.9625934500282326,1.213400054642674,1.6827950387712516,0.0,0.0,0.0,0.0,0.0,0.0,0.0,0.0,0.0,0.0,False
lstm_gauss_rep2,gaussian,test,horizon_channel,0.95,0.001,True,0.9625934500282326,1.213400054642674,1.6827950387712516,0.0,0.0,0.0,0.0,0.0,0.0,0.0,0.0,0.0,0.0,False
lstm_gauss_rep2,gaussian,test,horizon_channel,0.95,0.01,False,0.9625934500282326,1.213400054642674,1.6827950387712516,0.0,0.0,0.0,0.0,0.0,0.0,0.0,0.0,0.0,0.0,False
lstm_gauss_rep2,gaussian,ood_test,channel,0.5,0.0001,False,0.22427532986753376,0.3420834610479754,2.421788059341903,0.0,0.0,0.0,0.0,0.0,0.0,0.0,0.0,0.0,0.0,False
lstm_gauss_rep2,gaussian,ood_test,channel,0.5,0.001,True,0.22427532986753376,0.3420834610479754,2.421788059341903,0.0,0.0,0.0,0.0,0.0,0.0,0.0,0.0,0.0,0.0,False
lstm_gauss_rep2,gaussian,ood_test,channel,0.5,0.01,False,0.22427532986753376,0.3420834610479754,2.421788059341903,0.0,0.0,0.0,0.0,0.0,0.0,0.0,0.0,0.0,0.0,False
lstm_gauss_rep2,gaussian,ood_test,channel,0.8,0.0001,False,0.3999990913634092,0.7008307733607193,4.787049922816093,0.0,0.0,0.0,0.0,0.0,0.0,0.0,0.0,0.0,0.0,False
lstm_gauss_rep2,gaussian,ood_test,channel,0.8,0.001,True,0.3999990913634092,0.7008307733607193,4.787049922816093,0.0,0.0,0.0,0.0,0.0,0.0,0.0,0.0,0.0,0.0,False
lstm_gauss_rep2,gaussian,ood_test,channel,0.8,0.01,False,0.3999990913634092,0.7008307733607193,4.787049922816093,0.0,0.0,0.0,0.0,0.0,0.0,0.0,0.0,0.0,0.0,False
lstm_gauss_rep2,gaussian,ood_test,channel,0.9,0.0001,False,0.49545324740227287,0.9610105731822145,7.887220713572927,0.0,0.0,0.0,0.0,0.0,0.0,0.0,0.0,0.0,0.0,False
lstm_gauss_rep2,gaussian,ood_test,channel,0.9,0.001,True,0.49545324740227287,0.9610105731822145,7.887220713572927,0.0,0.0,0.0,0.0,0.0,0.0,0.0,0.0,0.0,0.0,False
lstm_gauss_rep2,gaussian,ood_test,channel,0.9,0.01,False,0.49545324740227287,0.9610105731822145,7.887220713572927,0.0,0.0,0.0,0.0,0.0,0.0,0.0,0.0,0.0,0.0,False
lstm_gauss_rep2,gaussian,ood_test,channel,0.95,0.0001,False,0.5724581215885564,1.230412735704449,12.954292521135155,0.0,0.0,0.0,0.0,0.0,0.0,0.0,0.0,0.0,0.0,False
lstm_gauss_rep2,gaussian,ood_test,channel,0.95,0.001,True,0.5724581215885564,1.230412735704449,12.954292521135155,0.0,0.0,0.0,0.0,0.0,0.0,0.0,0.0,0.0,0.0,False
lstm_gauss_rep2,gaussian,ood_test,channel,0.95,0.01,False,0.5724581215885564,1.230412735704449,12.954292521135155,0.0,0.0,0.0,0.0,0.0,0.0,0.0,0.0,0.0,0.0,False
lstm_gauss_rep2,gaussian,ood_test,horizon_channel,0.5,0.0001,False,0.22737170375851035,0.3387625029331595,2.4254712854906915,0.0,0.0,0.0,0.0,0.0,0.0,0.0,0.0,0.0,0.0,False
lstm_gauss_rep2,gaussian,ood_test,horizon_channel,0.5,0.001,True,0.22737170375851035,0.3387625029331595,2.4254712854906915,0.0,0.0,0.0,0.0,0.0,0.0,0.0,0.0,0.0,0.0,False
lstm_gauss_rep2,gaussian,ood_test,horizon_channel,0.5,0.01,False,0.22737170375851035,0.3387625029331595,2.4254712854906915,0.0,0.0,0.0,0.0,0.0,0.0,0.0,0.0,0.0,0.0,False
lstm_gauss_rep2,gaussian,ood_test,horizon_channel,0.8,0.0001,False,0.40055926582163465,0.691295385692417,4.818172913187252,0.0,0.0,0.0,0.0,0.0,0.0,0.0,0.0,0.0,0.0,False
lstm_gauss_rep2,gaussian,ood_test,horizon_channel,0.8,0.001,True,0.40055926582163465,0.691295385692417,4.818172913187252,0.0,0.0,0.0,0.0,0.0,0.0,0.0,0.0,0.0,0.0,False
lstm_gauss_rep2,gaussian,ood_test,horizon_channel,0.8,0.01,False,0.40055926582163465,0.691295385692417,4.818172913187252,0.0,0.0,0.0,0.0,0.0,0.0,0.0,0.0,0.0,0.0,False
lstm_gauss_rep2,gaussian,ood_test,horizon_channel,0.9,0.0001,False,0.49485607845427937,0.9528836955397425,7.937019674947878,0.0,0.0,0.0,0.0,0.0,0.0,0.0,0.0,0.0,0.0,False
lstm_gauss_rep2,gaussian,ood_test,horizon_channel,0.9,0.001,True,0.49485607845427937,0.9528836955397425,7.937019674947878,0.0,0.0,0.0,0.0,0.0,0.0,0.0,0.0,0.0,0.0,False
lstm_gauss_rep2,gaussian,ood_test,horizon_channel,0.9,0.01,False,0.49485607845427937,0.9528836955397425,7.937019674947878,0.0,0.0,0.0,0.0,0.0,0.0,0.0,0.0,0.0,0.0,False
lstm_gauss_rep2,gaussian,ood_test,horizon_channel,0.95,0.0001,False,0.572707152917048,1.233846048166844,12.90743525608309,0.0,0.0,0.0,0.0,0.0,0.0,0.0,0.0,0.0,0.0,False
lstm_gauss_rep2,gaussian,ood_test,horizon_channel,0.95,0.001,True,0.572707152917048,1.233846048166844,12.90743525608309,0.0,0.0,0.0,0.0,0.0,0.0,0.0,0.0,0.0,0.0,False
lstm_gauss_rep2,gaussian,ood_test,horizon_channel,0.95,0.01,False,0.572707152917048,1.233846048166844,12.90743525608309,0.0,0.0,0.0,0.0,0.0,0.0,0.0,0.0,0.0,0.0,False
lstm_mcd_rep0,mc_dropout,test,channel,0.5,0.0001,False,0.6145564966434531,0.3148782350078215,0.7043412756968976,0.0,0.0,0.0,0.0,0.0,0.0,0.0,0.0,0.0,0.0,False
lstm_mcd_rep0,mc_dropout,test,channel,0.5,0.001,True,0.6145564966434531,0.3148782350078215,0.7043412756968976,0.0,0.0,0.0,0.0,0.0,0.0,0.0,0.0,0.0,0.0,False
lstm_mcd_rep0,mc_dropout,test,channel,0.5,0.01,False,0.614535165317774,0.3147670673556,0.7042976805763864,0.024683689901081204,0.023761214630779848,0.0003858460380199511,8.888052366313236e-05,0.008415417111069285,0.024683689901081204,0.003909697387958258,-2.1331325679163626e-05,-0.00011116765222152214,-4.35951205112195e-05,False
lstm_mcd_rep0,mc_dropout,test,channel,0.8,0.0001,False,0.8566734424995295,0.8141643721330253,1.2806801608291405,0.0,0.0,0.0,0.0,0.0,0.0,0.0,0.0,0.0,0.0,False
lstm_mcd_rep0,mc_dropout,test,channel,0.8,0.001,True,0.8566734424995295,0.8141643721330253,1.2806801608291405,0.0,0.0,0.0,0.0,0.0,0.0,0.0,0.0,0.0,0.0,False
lstm_mcd_rep0,mc_dropout,test,channel,0.8,0.01,False,0.8566423865989083,0.8136021525598682,1.2803918475190603,0.024683689901081204,0.023761214630779848,0.0003858460380199511,8.888052366313236e-05,0.008415417111069285,0.024683689901081204,0.003909697387958258,-3.105590062113528e-05,-0.0005622195731570523,-0.00028831331008016825,False
lstm_mcd_rep0,mc_dropout,test,channel,0.9,0.0001,False,0.9289964238659891,1.2826649082957007,1.8244734374645355,0.0,0.0,0.0,0.0,0.0,0.0,0.0,0.0,0.0,0.0,False
lstm_mcd_rep0,mc_dropout,test,channel,0.9,0.001,True,0.9289964238659891,1.2826649082957007,1.8244734374645355,0.0,0.0,0.0,0.0,0.0,0.0,0.0,0.0,0.0,0.0,False
lstm_mcd_rep0,mc_dropout,test,channel,0.9,0.01,False,0.9289567726959032,1.281391686279573,1.823731848558356,0.024683689901081204,0.023761214630779848,0.0003858460380199511,8.888052366313236e-05,0.008415417111069285,0.024683689901081204,0.003909697387958258,-3.965117008597474e-05,-0.001273222016127784,-0.00074158890617948,False
lstm_mcd_rep0,mc_dropout,test,channel,0.95,0.0001,False,0.9637561327561328,1.8408981802493485,2.471761843293123,0.0,0.0,0.0,0.0,0.0,0.0,0.0,0.0,0.0,0.0,False
lstm_mcd_rep0,mc_dropout,test,channel,0.95,0.001,True,0.9637561327561328,1.8408981802493485,2.471761843293123,0.0,0.0,0.0,0.0,0.0,0.0,0.0,0.0,0.0,0.0,False
lstm_mcd_rep0,mc_dropout,test,channel,0.95,0.01,False,0.963758767802246,1.839713641742554,2.4706548598140423,0.024683689901081204,0.023761214630779848,0.0003858460380199511,8.888052366313236e-05,0.008415417111069285,0.024683689901081204,0.003909697387958258,2.6350461131974257e-06,-0.0011845385067945635,-0.001106983479080892,False
lstm_mcd_rep0,mc_dropout,test,horizon_channel,0.5,0.0001,False,0.6231685802120585,0.30774500203340754,0.6718653711909093,0.0,0.0,0.0,0.0,0.0,0.0,0.0,0.0,0.0,0.0,False
lstm_mcd_rep0,mc_dropout,test,horizon_channel,0.5,0.001,True,0.6231685802120585,0.30774500203340754,0.6718653711909093,0.0,0.0,0.0,0.0,0.0,0.0,0.0,0.0,0.0,0.0,False
lstm_mcd_rep0,mc_dropout,test,horizon_channel,0.5,0.01,False,0.6231347637869377,0.307603817572539,0.6718578448676441,0.024683689901081204,0.023761214630779848,0.0003858460380199511,8.888052366313236e-05,0.008415417111069285,0.024683689901081204,0.003909697387958258,-3.381642512079175e-05,-0.00014118446086852643,-7.52632326517233e-06,False
lstm_mcd_rep0,mc_dropout,test,horizon_channel,0.8,0.0001,False,0.8672050944224857,0.6984482786639209,1.1240560298853004,0.0,0.0,0.0,0.0,0.0,0.0,0.0,0.0,0.0,0.0,False
lstm_mcd_rep0,mc_dropout,test,horizon_channel,0.8,0.001,True,0.8672050944224857,0.6984482786639209,1.1240560298853004,0.0,0.0,0.0,0.0,0.0,0.0,0.0,0.0,0.0,0.0,False
lstm_mcd_rep0,mc_dropout,test,horizon_channel,0.8,0.01,False,0.8671695840391492,0.6981293337919056,1.1240092822142265,0.024683689901081204,0.023761214630779848,0.0003858460380199511,8.888052366313236e-05,0.008415417111069285,0.024683689901081204,0.003909697387958258,-3.551038333649004e-05,-0.0003189448720153365,-4.6747671073932295e-05,False
lstm_mcd_rep0,mc_dropout,test,horizon_channel,0.9,0.0001,False,0.934526507309116,1.029075542656769,1.515457142209565,0.0,0.0,0.0,0.0,0.0,0.0,0.0,0.0,0.0,0.0,False
lstm_mcd_rep0,mc_dropout,test,horizon_channel,0.9,0.001,True,0.934526507309116,1.029075542656769,1.515457142209565,0.0,0.0,0.0,0.0,0.0,0.0,0.0,0.0,0.0,0.0,False
lstm_mcd_rep0,mc_dropout,test,horizon_channel,0.9,0.01,False,0.9345324047932744,1.0289828596047217,1.5153345366840059,0.024683689901081204,0.023761214630779848,0.0003858460380199511,8.888052366313236e-05,0.008415417111069285,0.024683689901081204,0.003909697387958258,5.8974841583570026e-06,-9.268305204734872e-05,-0.00012260552555920512,False
lstm_mcd_rep0,mc_dropout,test,horizon_channel,0.95,0.0001,False,0.9667259552042161,1.398001226066448,1.9575417006635576,0.0,0.0,0.0,0.0,0.0,0.0,0.0,0.0,0.0,0.0,False
lstm_mcd_rep0,mc_dropout,test,horizon_channel,0.95,0.001,True,0.9667259552042161,1.398001226066448,1.9575417006635576,0.0,0.0,0.0,0.0,0.0,0.0,0.0,0.0,0.0,0.0,False
lstm_mcd_rep0,mc_dropout,test,horizon_channel,0.95,0.01,False,0.9667268335529206,1.3975613769818722,1.9570695078056624,0.024683689901081204,0.023761214630779848,0.0003858460380199511,8.888052366313236e-05,0.008415417111069285,0.024683689901081204,0.003909697387958258,8.783487044361493e-07,-0.0004398490845758385,-0.00047219285789523724,False
lstm_mcd_rep0,mc_dropout,ood_test,channel,0.5,0.0001,False,0.3426904080427319,0.5268678337692678,2.3966690937182564,0.0,0.0,0.0,0.0,0.0,0.0,0.0,0.0,0.0,0.0,False
lstm_mcd_rep0,mc_dropout,ood_test,channel,0.5,0.001,True,0.3426904080427319,0.5268678337692678,2.3966690937182564,0.0,0.0,0.0,0.0,0.0,0.0,0.0,0.0,0.0,0.0,False
lstm_mcd_rep0,mc_dropout,ood_test,channel,0.5,0.01,False,0.3426004530202431,0.5266019140307019,2.396709122766645,0.024683689901081204,0.0016011474782089475,0.0003858460380199511,8.888052366313236e-05,0.008415417111069285,0.024683689901081204,0.003909697387958258,-8.995502248876353e-05,-0.000265919738565934,4.002904838840138e-05,False
lstm_mcd_rep0,mc_dropout,ood_test,channel,0.8,0.0001,False,0.5910263050293035,1.3521891765531708,4.356909419074297,0.0,0.0,0.0,0.0,0.0,0.0,0.0,0.0,0.0,0.0,False
lstm_mcd_rep0,mc_dropout,ood_test,channel,0.8,0.001,True,0.5910263050293035,1.3521891765531708,4.356909419074297,0.0,0.0,0.0,0.0,0.0,0.0,0.0,0.0,0.0,0.0,False
lstm_mcd_rep0,mc_dropout,ood_test,channel,0.8,0.01,False,0.5908892956119343,1.3510930648628063,4.357247033457798,0.024683689901081204,0.0016011474782089475,0.0003858460380199511,8.888052366313236e-05,0.008415417111069285,0.024683689901081204,0.003909697387958258,-0.00013700941736927152,-0.0010961116903644985,0.0003376143835014389,False
lstm_mcd_rep0,mc_dropout,ood_test,channel,0.9,0.0001,False,0.7131079265562024,2.1297255116271225,6.35911280249807,0.0,0.0,0.0,0.0,0.0,0.0,0.0,0.0,0.0,0.0,False
lstm_mcd_rep0,mc_dropout,ood_test,channel,0.9,0.001,True,0.7131079265562024,2.1297255116271225,6.35911280249807,0.0,0.0,0.0,0.0,0.0,0.0,0.0,0.0,0.0,0.0,False
lstm_mcd_rep0,mc_dropout,ood_test,channel,0.9,0.01,False,0.7129589750579256,2.1273847539644555,6.360148779436162,0.024683689901081204,0.0016011474782089475,0.0003858460380199511,8.888052366313236e-05,0.008415417111069285,0.024683689901081204,0.003909697387958258,-0.00014895149827676146,-0.002340757662667059,0.001035976938092098,False
lstm_mcd_rep0,mc_dropout,ood_test,channel,0.95,0.0001,False,0.8016434639822946,3.0681570310805424,8.771009497956646,0.0,0.0,0.0,0.0,0.0,0.0,0.0,0.0,0.0,0.0,False
lstm_mcd_rep0,mc_dropout,ood_test,channel,0.95,0.001,True,0.8016434639822946,3.0681570310805424,8.771009497956646,0.0,0.0,0.0,0.0,0.0,0.0,0.0,0.0,0.0,0.0,False
lstm_mcd_rep0,mc_dropout,ood_test,channel,0.95,0.01,False,0.8015479273350338,3.065713422513947,8.77328156684596,0.024683689901081204,0.0016011474782089475,0.0003858460380199511,8.888052366313236e-05,0.008415417111069285,0.024683689901081204,0.003909697387958258,-9.553664726080768e-05,-0.0024436085665953122,0.0022720688893134167,False
lstm_mcd_rep0,mc_dropout,ood_test,horizon_channel,0.5,0.0001,False,0.32507343730732036,0.5305456163935157,2.341776466749001,0.0,0.0,0.0,0.0,0.0,0.0,0.0,0.0,0.0,0.0,False
lstm_mcd_rep0,mc_dropout,ood_test,horizon_channel,0.5,0.001,True,0.32507343730732036,0.5305456163935157,2.341776466749001,0.0,0.0,0.0,0.0,0.0,0.0,0.0,0.0,0.0,0.0,False
lstm_mcd_rep0,mc_dropout,ood_test,horizon_channel,0.5,0.01,False,0.3249604418569936,0.5301351534056,2.3418807390628738,0.024683689901081204,0.0016011474782089475,0.0003858460380199511,8.888052366313236e-05,0.008415417111069285,0.024683689901081204,0.003909697387958258,-0.00011299545032678049,-0.000410462987915694,0.00010427231387266644,False
lstm_mcd_rep0,mc_dropout,ood_test,horizon_channel,0.8,0.0001,False,0.570118382367258,1.204045307255744,4.094713764706435,0.0,0.0,0.0,0.0,0.0,0.0,0.0,0.0,0.0,0.0,False
lstm_mcd_rep0,mc_dropout,ood_test,horizon_channel,0.8,0.001,True,0.570118382367258,1.204045307255744,4.094713764706435,0.0,0.0,0.0,0.0,0.0,0.0,0.0,0.0,0.0,0.0,False
lstm_mcd_rep0,mc_dropout,ood_test,horizon_channel,0.8,0.01,False,0.5700077883136354,1.2030872148501839,4.095363732811413,0.024683689901081204,0.0016011474782089475,0.0003858460380199511,8.888052366313236e-05,0.008415417111069285,0.024683689901081204,0.003909697387958258,-0.00011059405362257024,-0.000958092405560107,0.0006499681049785266,False
lstm_mcd_rep0,mc_dropout,ood_test,horizon_channel,0.9,0.0001,False,0.6923624551360683,1.7837694447809014,5.780256032651183,0.0,0.0,0.0,0.0,0.0,0.0,0.0,0.0,0.0,0.0,False
lstm_mcd_rep0,mc_dropout,ood_test,horizon_channel,0.9,0.001,True,0.6923624551360683,1.7837694447809014,5.780256032651183,0.0,0.0,0.0,0.0,0.0,0.0,0.0,0.0,0.0,0.0,False
lstm_mcd_rep0,mc_dropout,ood_test,horizon_channel,0.9,0.01,False,0.6922901536244864,1.7829846929902815,5.781750101726406,0.024683689901081204,0.0016011474782089475,0.0003858460380199511,8.888052366313236e-05,0.008415417111069285,0.024683689901081204,0.003909697387958258,-7.23015115818848e-05,-0.0007847517906198753,0.0014940690752229813,False
lstm_mcd_rep0,mc_dropout,ood_test,horizon_channel,0.95,0.0001,False,0.7822288206546077,2.4415729314936376,7.702022241162849,0.0,0.0,0.0,0.0,0.0,0.0,0.0,0.0,0.0,0.0,False
lstm_mcd_rep0,mc_dropout,ood_test,horizon_channel,0.95,0.001,True,0.7822288206546077,2.4415729314936376,7.702022241162849,0.0,0.0,0.0,0.0,0.0,0.0,0.0,0.0,0.0,0.0,False
lstm_mcd_rep0,mc_dropout,ood_test,horizon_channel,0.95,0.01,False,0.7821199789715532,2.4398083755270843,7.706850433801404,0.024683689901081204,0.0016011474782089475,0.0003858460380199511,8.888052366313236e-05,0.008415417111069285,0.024683689901081204,0.003909697387958258,-0.00010884168305458353,-0.0017645559665533384,0.004828192638554718,False
lstm_mcd_rep1,mc_dropout,test,channel,0.5,0.0001,False,0.6155143359056403,0.318783742355286,0.7056599659294955,0.0,0.0,0.0,0.0,0.0,0.0,0.0,0.0,0.0,0.0,False
lstm_mcd_rep1,mc_dropout,test,channel,0.5,0.001,True,0.6155143359056403,0.318783742355286,0.7056599659294955,0.0,0.0,0.0,0.0,0.0,0.0,0.0,0.0,0.0,0.0,False
lstm_mcd_rep1,mc_dropout,test,channel,0.5,0.01,False,0.6157378129117259,0.3185699510017729,0.7054799981637803,0.07361921492356276,0.07134575569358179,0.0011899533638664074,0.030459878285965244,0.007502561850387938,0.07361921492356276,0.021806052240834848,0.00022347700608560395,-0.0002137913535131264,-0.00017996776571527207,False
lstm_mcd_rep1,mc_dropout,test,channel,0.8,0.0001,False,0.8582380324989021,0.8270338344840538,1.2882505326946962,0.0,0.0,0.0,0.0,0.0,0.0,0.0,0.0,0.0,0.0,False
lstm_mcd_rep1,mc_dropout,test,channel,0.8,0.001,True,0.8582380324989021,0.8270338344840538,1.2882505326946962,0.0,0.0,0.0,0.0,0.0,0.0,0.0,0.0,0.0,0.0,False
lstm_mcd_rep1,mc_dropout,test,channel,0.8,0.01,False,0.858329255285777,0.8259974651822679,1.2874506039377238,0.07361921492356276,0.07134575569358179,0.0011899533638664074,0.030459878285965244,0.007502561850387938,0.07361921492356276,0.021806052240834848,9.122278687490049e-05,-0.0010363693017858555,-0.0007999287569724345,False
lstm_mcd_rep1,mc_dropout,test,channel,0.9,0.0001,False,0.9304427504862287,1.3013364288442644,1.8416581682255675,0.0,0.0,0.0,0.0,0.0,0.0,0.0,0.0,0.0,0.0,False
lstm_mcd_rep1,mc_dropout,test,channel,0.9,0.001,True,0.9304427504862287,1.3013364288442644,1.8416581682255675,0.0,0.0,0.0,0.0,0.0,0.0,0.0,0.0,0.0,0.0,False
lstm_mcd_rep1,mc_dropout,test,channel,0.9,0.01,False,0.9304551728464772,1.2991282574748382,1.8397461818789278,0.07361921492356276,0.07134575569358179,0.0011899533638664074,0.030459878285965244,0.007502561850387938,0.07361921492356276,0.021806052240834848,1.2422360248454112e-05,-0.002208171369426193,-0.0019119863466396936,False
lstm_mcd_rep1,mc_dropout,test,channel,0.95,0.0001,False,0.9644106907585168,1.867721107591752,2.511180963213058,0.0,0.0,0.0,0.0,0.0,0.0,0.0,0.0,0.0,0.0,False
lstm_mcd_rep1,mc_dropout,test,channel,0.95,0.001,True,0.9644106907585168,1.867721107591752,2.511180963213058,0.0,0.0,0.0,0.0,0.0,0.0,0.0,0.0,0.0,0.0,False
lstm_mcd_rep1,mc_dropout,test,channel,0.95,0.01,False,0.9644014680971202,1.8635164041971959,2.507194343071888,0.07361921492356276,0.07134575569358179,0.0011899533638664074,0.030459878285965244,0.007502561850387938,0.07361921492356276,0.021806052240834848,-9.222661396579568e-06,-0.004204703394556031,-0.0039866201411702384,False
lstm_mcd_rep1,mc_dropout,test,horizon_channel,0.5,0.0001,False,0.6254211682037769,0.3120384358644351,0.6726115393345384,0.0,0.0,0.0,0.0,0.0,0.0,0.0,0.0,0.0,0.0,False
lstm_mcd_rep1,mc_dropout,test,horizon_channel,0.5,0.001,True,0.6254211682037769,0.3120384358644351,0.6726115393345384,0.0,0.0,0.0,0.0,0.0,0.0,0.0,0.0,0.0,0.0,False
lstm_mcd_rep1,mc_dropout,test,horizon_channel,0.5,0.01,False,0.6255710521362695,0.31176024304635297,0.6725544283771278,0.07361921492356276,0.07134575569358179,0.0011899533638664074,0.030459878285965244,0.007502561850387938,0.07361921492356276,0.021806052240834848,0.00014988393249260046,-0.0002781928180821125,-5.711095741067762e-05,False
lstm_mcd_rep1,mc_dropout,test,horizon_channel,0.8,0.0001,False,0.8690096618357488,0.7109038792003723,1.1345193752234888,0.0,0.0,0.0,0.0,0.0,0.0,0.0,0.0,0.0,0.0,False
lstm_mcd_rep1,mc_dropout,test,horizon_channel,0.8,0.001,True,0.8690096618357488,0.7109038792003723,1.1345193752234888,0.0,0.0,0.0,0.0,0.0,0.0,0.0,0.0,0.0,0.0,False
lstm_mcd_rep1,mc_dropout,test,horizon_channel,0.8,0.01,False,0.8690012547838635,0.7103406020079525,1.1342383124947777,0.07361921492356276,0.07134575569358179,0.0011899533638664074,0.030459878285965244,0.007502561850387938,0.07361921492356276,0.021806052240834848,-8.40705188531743e-06,-0.0005632771924198865,-0.00028106272871109006,False
lstm_mcd_rep1,mc_dropout,test,horizon_channel,0.9,0.0001,False,0.9361663216011042,1.0519454962310835,1.5425420601011872,0.0,0.0,0.0,0.0,0.0,0.0,0.0,0.0,0.0,0.0,False
lstm_mcd_rep1,mc_dropout,test,horizon_channel,0.9,0.001,True,0.9361663216011042,1.0519454962310835,1.5425420601011872,0.0,0.0,0.0,0.0,0.0,0.0,0.0,0.0,0.0,0.0,False
lstm_mcd_rep1,mc_dropout,test,horizon_channel,0.9,0.01,False,0.9361332580463015,1.0509294678481116,1.5416991808103275,0.07361921492356276,0.07134575569358179,0.0011899533638664074,0.030459878285965244,0.007502561850387938,0.07361921492356276,0.021806052240834848,-3.306355480270362e-05,-0.0010160283829718786,-0.0008428792908596883,False
lstm_mcd_rep1,mc_dropout,test,horizon_channel,0.95,0.0001,False,0.9675682288725767,1.4432603915473474,2.011967162692263,0.0,0.0,0.0,0.0,0.0,0.0,0.0,0.0,0.0,0.0,False
lstm_mcd_rep1,mc_dropout,test,horizon_channel,0.95,0.001,True,0.9675682288725767,1.4432603915473474,2.011967162692263,0.0,0.0,0.0,0.0,0.0,0.0,0.0,0.0,0.0,0.0,False
lstm_mcd_rep1,mc_dropout,test,horizon_channel,0.95,0.01,False,0.9675552418595896,1.4413613971633032,2.0098999824578256,0.07361921492356276,0.07134575569358179,0.0011899533638664074,0.030459878285965244,0.007502561850387938,0.07361921492356276,0.021806052240834848,-1.2987012987020208e-05,-0.0018989943840441725,-0.0020671802344374157,False
lstm_mcd_rep1,mc_dropout,ood_test,channel,0.5,0.0001,False,0.3532990647533376,0.5747069057980305,2.374147950273588,0.0,0.0,0.0,0.0,0.0,0.0,0.0,0.0,0.0,0.0,False
lstm_mcd_rep1,mc_dropout,ood_test,channel,0.5,0.001,True,0.3532990647533376,0.5747069057980305,2.374147950273588,0.0,0.0,0.0,0.0,0.0,0.0,0.0,0.0,0.0,0.0,False
lstm_mcd_rep1,mc_dropout,ood_test,channel,0.5,0.01,False,0.3529679965212199,0.57385448913353,2.3742872631701952,0.07361921492356276,0.002766473905904191,0.0011899533638664074,0.030459878285965244,0.007502561850387938,0.07361921492356276,0.021806052240834848,-0.00033106823211770386,-0.0008524166645005327,0.00013931289660717994,False
lstm_mcd_rep1,mc_dropout,ood_test,channel,0.8,0.0001,False,0.6037228139177164,1.4862048711728932,4.285223506287817,0.0,0.0,0.0,0.0,0.0,0.0,0.0,0.0,0.0,0.0,False
lstm_mcd_rep1,mc_dropout,ood_test,channel,0.8,0.001,True,0.6037228139177164,1.4862048711728932,4.285223506287817,0.0,0.0,0.0,0.0,0.0,0.0,0.0,0.0,0.0,0.0,False
lstm_mcd_rep1,mc_dropout,ood_test,channel,0.8,0.01,False,0.6031930787852827,1.4831074506669961,4.287024119211293,0.07361921492356276,0.002766473905904191,0.0011899533638664074,0.030459878285965244,0.007502561850387938,0.07361921492356276,0.021806052240834848,-0.0005297351324337063,-0.0030974205058971194,0.001800612923475775,False
lstm_mcd_rep1,mc_dropout,ood_test,channel,0.9,0.0001,False,0.7240743913757407,2.3375379093377004,6.23801421685808,0.0,0.0,0.0,0.0,0.0,0.0,0.0,0.0,0.0,0.0,False
lstm_mcd_rep1,mc_dropout,ood_test,channel,0.9,0.001,True,0.7240743913757407,2.3375379093377004,6.23801421685808,0.0,0.0,0.0,0.0,0.0,0.0,0.0,0.0,0.0,0.0,False
lstm_mcd_rep1,mc_dropout,ood_test,channel,0.9,0.01,False,0.7234066732867332,2.331494077071251,6.245009480000978,0.07361921492356276,0.002766473905904191,0.0011899533638664074,0.030459878285965244,0.007502561850387938,0.07361921492356276,0.021806052240834848,-0.0006677180890074519,-0.006043832266449556,0.006995263142898445,False
lstm_mcd_rep1,mc_dropout,ood_test,channel,0.95,0.0001,False,0.8108925407426157,3.3640905735985123,8.601859560779067,0.0,0.0,0.0,0.0,0.0,0.0,0.0,0.0,0.0,0.0,False
lstm_mcd_rep1,mc_dropout,ood_test,channel,0.95,0.001,True,0.8108925407426157,3.3640905735985123,8.601859560779067,0.0,0.0,0.0,0.0,0.0,0.0,0.0,0.0,0.0,0.0,False
lstm_mcd_rep1,mc_dropout,ood_test,channel,0.95,0.01,False,0.8101033249608962,3.353204314376061,8.621614277378281,0.07361921492356276,0.002766473905904191,0.0011899533638664074,0.030459878285965244,0.007502561850387938,0.07361921492356276,0.021806052240834848,-0.0007892157817195322,-0.010886259222451233,0.01975471659921446,False
lstm_mcd_rep1,mc_dropout,ood_test,horizon_channel,0.5,0.0001,False,0.3362254586992218,0.5809439352913603,2.3174816586215146,0.0,0.0,0.0,0.0,0.0,0.0,0.0,0.0,0.0,0.0,False
lstm_mcd_rep1,mc_dropout,ood_test,horizon_channel,0.5,0.001,True,0.3362254586992218,0.5809439352913603,2.3174816586215146,0.0,0.0,0.0,0.0,0.0,0.0,0.0,0.0,0.0,0.0,False
lstm_mcd_rep1,mc_dropout,ood_test,horizon_channel,0.5,0.01,False,0.3358601218871084,0.579615040787579,2.3180109215228746,0.07361921492356276,0.002766473905904191,0.0011899533638664074,0.030459878285965244,0.007502561850387938,0.07361921492356276,0.021806052240834848,-0.00036533681211342595,-0.0013288945037813749,0.000529262901360017,False
lstm_mcd_rep1,mc_dropout,ood_test,horizon_channel,0.8,0.0001,False,0.5840424592898356,1.3242767381377707,4.015626766216057,0.0,0.0,0.0,0.0,0.0,0.0,0.0,0.0,0.0,0.0,False
lstm_mcd_rep1,mc_dropout,ood_test,horizon_channel,0.8,0.001,True,0.5840424592898356,1.3242767381377707,4.015626766216057,0.0,0.0,0.0,0.0,0.0,0.0,0.0,0.0,0.0,0.0,False
lstm_mcd_rep1,mc_dropout,ood_test,horizon_channel,0.8,0.01,False,0.5835166832168331,1.321415374864192,4.019077007617329,0.07361921492356276,0.002766473905904191,0.0011899533638664074,0.030459878285965244,0.007502561850387938,0.07361921492356276,0.021806052240834848,-0.0005257760730024152,-0.0028613632735787764,0.003450241401272258,False
lstm_mcd_rep1,mc_dropout,ood_test,horizon_channel,0.9,0.0001,False,0.707754109958008,1.9669646448058955,5.635987284721695,0.0,0.0,0.0,0.0,0.0,0.0,0.0,0.0,0.0,0.0,False
lstm_mcd_rep1,mc_dropout,ood_test,horizon_channel,0.9,0.001,True,0.707754109958008,1.9669646448058955,5.635987284721695,0.0,0.0,0.0,0.0,0.0,0.0,0.0,0.0,0.0,0.0,False
lstm_mcd_rep1,mc_dropout,ood_test,horizon_channel,0.9,0.01,False,0.7071118336935428,1.9622180623927548,5.646014004896724,0.07361921492356276,0.002766473905904191,0.0011899533638664074,0.030459878285965244,0.007502561850387938,0.07361921492356276,0.021806052240834848,-0.0006422762644652247,-0.004746582413140743,0.010026720175028814,False
lstm_mcd_rep1,mc_dropout,ood_test,horizon_channel,0.95,0.0001,False,0.7973251036819252,2.7153420616630184,7.448252707505287,0.0,0.0,0.0,0.0,0.0,0.0,0.0,0.0,0.0,0.0,False
lstm_mcd_rep1,mc_dropout,ood_test,horizon_channel,0.95,0.001,True,0.7973251036819252,2.7153420616630184,7.448252707505287,0.0,0.0,0.0,0.0,0.0,0.0,0.0,0.0,0.0,0.0,False
lstm_mcd_rep1,mc_dropout,ood_test,horizon_channel,0.95,0.01,False,0.7966116292503099,2.707454525455616,7.472116834162408,0.07361921492356276,0.002766473905904191,0.0011899533638664074,0.030459878285965244,0.007502561850387938,0.07361921492356276,0.021806052240834848,-0.0007134744316152908,-0.007887536207402235,0.0238641266571209,False
lstm_mcd_rep2,mc_dropout,test,channel,0.5,0.0001,False,0.6149191291799987,0.3334085619042389,0.7240153685222522,0.0,0.0,0.0,0.0,0.0,0.0,0.0,0.0,0.0,0.0,False
lstm_mcd_rep2,mc_dropout,test,channel,0.5,0.001,True,0.6149191291799987,0.3334085619042389,0.7240153685222522,0.0,0.0,0.0,0.0,0.0,0.0,0.0,0.0,0.0,0.0,False
lstm_mcd_rep2,mc_dropout,test,channel,0.5,0.01,False,0.615107095802748,0.33214366206343326,0.7231602751791635,0.15167827341740386,0.14049250266641572,0.0001160675073718552,0.04236986845682498,0.058511617207269384,0.15167827341740386,0.029491603404646884,0.00018796662274933595,-0.0012648998408056333,-0.0008550933430887531,False
lstm_mcd_rep2,mc_dropout,test,channel,0.8,0.0001,False,0.8567074471422298,0.8877975114269716,1.3514593989527788,0.0,0.0,0.0,0.0,0.0,0.0,0.0,0.0,0.0,0.0,False
lstm_mcd_rep2,mc_dropout,test,channel,0.8,0.001,True,0.8567074471422298,0.8877975114269716,1.3514593989527788,0.0,0.0,0.0,0.0,0.0,0.0,0.0,0.0,0.0,0.0,False
lstm_mcd_rep2,mc_dropout,test,channel,0.8,0.01,False,0.8564859777903256,0.8792534217031742,1.346228809959149,0.15167827341740386,0.14049250266641572,0.0001160675073718552,0.04236986845682498,0.058511617207269384,0.15167827341740386,0.029491603404646884,-0.00022146935190414663,-0.008544089723797388,-0.0052305889936297145,False
lstm_mcd_rep2,mc_dropout,test,channel,0.9,0.0001,False,0.9292320095363573,1.4085805755259637,1.952221059542276,0.0,0.0,0.0,0.0,0.0,0.0,0.0,0.0,0.0,0.0,False
lstm_mcd_rep2,mc_dropout,test,channel,0.9,0.001,True,0.9292320095363573,1.4085805755259637,1.952221059542276,0.0,0.0,0.0,0.0,0.0,0.0,0.0,0.0,0.0,0.0,False
lstm_mcd_rep2,mc_dropout,test,channel,0.9,0.01,False,0.9291831357048749,1.396590282369326,1.9433694993973443,0.15167827341740386,0.14049250266641572,0.0001160675073718552,0.04236986845682498,0.058511617207269384,0.15167827341740386,0.029491603404646884,-4.8873831482443286e-05,-0.011990293156637799,-0.008851560144931714,False
lstm_mcd_rep2,mc_dropout,test,channel,0.95,0.0001,False,0.9639614781353911,2.030931132031753,2.680304474103985,0.0,0.0,0.0,0.0,0.0,0.0,0.0,0.0,0.0,0.0,False
lstm_mcd_rep2,mc_dropout,test,channel,0.95,0.001,True,0.9639614781353911,2.030931132031753,2.680304474103985,0.0,0.0,0.0,0.0,0.0,0.0,0.0,0.0,0.0,0.0,False
lstm_mcd_rep2,mc_dropout,test,channel,0.95,0.01,False,0.9639382646339169,2.0139475644994462,2.6653615713791146,0.15167827341740386,0.14049250266641572,0.0001160675073718552,0.04236986845682498,0.058511617207269384,0.15167827341740386,0.029491603404646884,-2.3213501474272924e-05,-0.016983567532306676,-0.014942902724870422,False
lstm_mcd_rep2,mc_dropout,test,horizon_channel,0.5,0.0001,False,0.6271621808143547,0.3193486419579924,0.6820054951637515,0.0,0.0,0.0,0.0,0.0,0.0,0.0,0.0,0.0,0.0,False
lstm_mcd_rep2,mc_dropout,test,horizon_channel,0.5,0.001,True,0.6271621808143547,0.3193486419579924,0.6820054951637515,0.0,0.0,0.0,0.0,0.0,0.0,0.0,0.0,0.0,0.0,False
lstm_mcd_rep2,mc_dropout,test,horizon_channel,0.5,0.01,False,0.6271375243114373,0.31792622224741673,0.6817381805092316,0.15167827341740386,0.14049250266641572,0.0001160675073718552,0.04236986845682498,0.058511617207269384,0.15167827341740386,0.029491603404646884,-2.465650291738619e-05,-0.001422419710575662,-0.0002673146545199012,False
lstm_mcd_rep2,mc_dropout,test,horizon_channel,0.8,0.0001,False,0.8658503042850869,0.7225244535323819,1.1483498058700996,0.0,0.0,0.0,0.0,0.0,0.0,0.0,0.0,0.0,0.0,False
lstm_mcd_rep2,mc_dropout,test,horizon_channel,0.8,0.001,True,0.8658503042850869,0.7225244535323819,1.1483498058700996,0.0,0.0,0.0,0.0,0.0,0.0,0.0,0.0,0.0,0.0,False
lstm_mcd_rep2,mc_dropout,test,horizon_channel,0.8,0.01,False,0.8656196122717862,0.7197506498928757,1.1478211320066554,0.15167827341740386,0.14049250266641572,0.0001160675073718552,0.04236986845682498,0.058511617207269384,0.15167827341740386,0.029491603404646884,-0.0002306920133007262,-0.0027738036395061894,-0.0005286738634442401,False
lstm_mcd_rep2,mc_dropout,test,horizon_channel,0.9,0.0001,False,0.9347236338540686,1.0640547476806235,1.557499259617837,0.0,0.0,0.0,0.0,0.0,0.0,0.0,0.0,0.0,0.0,False
lstm_mcd_rep2,mc_dropout,test,horizon_channel,0.9,0.001,True,0.9347236338540686,1.0640547476806235,1.557499259617837,0.0,0.0,0.0,0.0,0.0,0.0,0.0,0.0,0.0,0.0,False
lstm_mcd_rep2,mc_dropout,test,horizon_channel,0.9,0.01,False,0.9347363071710898,1.0622787628161052,1.5564199248645003,0.15167827341740386,0.14049250266641572,0.0001160675073718552,0.04236986845682498,0.058511617207269384,0.15167827341740386,0.029491603404646884,1.2673317021150154e-05,-0.001775984864518243,-0.0010793347533366582,False
lstm_mcd_rep2,mc_dropout,test,horizon_channel,0.95,0.0001,False,0.9666979107848673,1.45784621512701,2.0327121494120735,0.0,0.0,0.0,0.0,0.0,0.0,0.0,0.0,0.0,0.0,False
lstm_mcd_rep2,mc_dropout,test,horizon_channel,0.95,0.001,True,0.9666979107848673,1.45784621512701,2.0327121494120735,0.0,0.0,0.0,0.0,0.0,0.0,0.0,0.0,0.0,0.0,False
lstm_mcd_rep2,mc_dropout,test,horizon_channel,0.95,0.01,False,0.9666521111738503,1.4523205850199288,2.028353040002134,0.15167827341740386,0.14049250266641572,0.0001160675073718552,0.04236986845682498,0.058511617207269384,0.15167827341740386,0.029491603404646884,-4.5799611017027786e-05,-0.005525630107081181,-0.004359109409939332,False
lstm_mcd_rep2,mc_dropout,ood_test,channel,0.5,0.0001,False,0.3609117519162497,0.6138810435918184,2.3788979979463107,0.0,0.0,0.0,0.0,0.0,0.0,0.0,0.0,0.0,0.0,False
lstm_mcd_rep2,mc_dropout,ood_test,channel,0.5,0.001,True,0.3609117519162497,0.6138810435918184,2.3788979979463107,0.0,0.0,0.0,0.0,0.0,0.0,0.0,0.0,0.0,0.0,False
lstm_mcd_rep2,mc_dropout,ood_test,channel,0.5,0.01,False,0.35975525224400784,0.6099774882740722,2.3789469645686774,0.15167827341740386,0.009011403389214483,0.0001160675073718552,0.04236986845682498,0.058511617207269384,0.15167827341740386,0.029491603404646884,-0.0011564996722418508,-0.0039035553177462212,4.896662236664184e-05,False
lstm_mcd_rep2,mc_dropout,ood_test,channel,0.8,0.0001,False,0.6129742920747419,1.6366468383966406,4.340373693610506,0.0,0.0,0.0,0.0,0.0,0.0,0.0,0.0,0.0,0.0,False
lstm_mcd_rep2,mc_dropout,ood_test,channel,0.8,0.001,True,0.6129742920747419,1.6366468383966406,4.340373693610506,0.0,0.0,0.0,0.0,0.0,0.0,0.0,0.0,0.0,0.0,False
lstm_mcd_rep2,mc_dropout,ood_test,channel,0.8,0.01,False,0.6105103941535726,1.6162624091125117,4.345450248281696,0.15167827341740386,0.009011403389214483,0.0001160675073718552,0.04236986845682498,0.058511617207269384,0.15167827341740386,0.029491603404646884,-0.0024638979211693,-0.02038442928412887,0.005076554671189726,False
lstm_mcd_rep2,mc_dropout,ood_test,channel,0.9,0.0001,False,0.7290722171381842,2.598714855028926,6.3992930437713476,0.0,0.0,0.0,0.0,0.0,0.0,0.0,0.0,0.0,0.0,False
lstm_mcd_rep2,mc_dropout,ood_test,channel,0.9,0.001,True,0.7290722171381842,2.598714855028926,6.3992930437713476,0.0,0.0,0.0,0.0,0.0,0.0,0.0,0.0,0.0,0.0,False
lstm_mcd_rep2,mc_dropout,ood_test,channel,0.9,0.01,False,0.7271161821686559,2.5696387118381865,6.411880998657557,0.15167827341740386,0.009011403389214483,0.0001160675073718552,0.04236986845682498,0.058511617207269384,0.15167827341740386,0.029491603404646884,-0.001956034969528231,-0.02907614319073959,0.012587954886209118,False
lstm_mcd_rep2,mc_dropout,ood_test,channel,0.95,0.0001,False,0.811244637421549,3.757031142575099,8.941986051992583,0.0,0.0,0.0,0.0,0.0,0.0,0.0,0.0,0.0,0.0,False
lstm_mcd_rep2,mc_dropout,ood_test,channel,0.95,0.001,True,0.811244637421549,3.757031142575099,8.941986051992583,0.0,0.0,0.0,0.0,0.0,0.0,0.0,0.0,0.0,0.0,False
lstm_mcd_rep2,mc_dropout,ood_test,channel,0.95,0.01,False,0.8094316478124574,3.714976022780885,8.983533980445058,0.15167827341740386,0.009011403389214483,0.0001160675073718552,0.04236986845682498,0.058511617207269384,0.15167827341740386,0.029491603404646884,-0.0018129896090915976,-0.04205511979421406,0.04154792845247535,False
lstm_mcd_rep2,mc_dropout,ood_test,horizon_channel,0.5,0.0001,False,0.34442097133251554,0.6094803955506043,2.301582261899255,0.0,0.0,0.0,0.0,0.0,0.0,0.0,0.0,0.0,0.0,False
lstm_mcd_rep2,mc_dropout,ood_test,horizon_channel,0.5,0.001,True,0.34442097133251554,0.6094803955506043,2.301582261899255,0.0,0.0,0.0,0.0,0.0,0.0,0.0,0.0,0.0,0.0,False
lstm_mcd_rep2,mc_dropout,ood_test,horizon_channel,0.5,0.01,False,0.34296851574212894,0.6035272084926779,2.302990148905181,0.15167827341740386,0.009011403389214483,0.0001160675073718552,0.04236986845682498,0.058511617207269384,0.15167827341740386,0.029491603404646884,-0.0014524555903865921,-0.005953187057926357,0.0014078870059259785,False
lstm_mcd_rep2,mc_dropout,ood_test,horizon_channel,0.8,0.0001,False,0.5918657554339714,1.3855914852706652,3.994149531454871,0.0,0.0,0.0,0.0,0.0,0.0,0.0,0.0,0.0,0.0,False
lstm_mcd_rep2,mc_dropout,ood_test,horizon_channel,0.8,0.001,True,0.5918657554339714,1.3855914852706652,3.994149531454871,0.0,0.0,0.0,0.0,0.0,0.0,0.0,0.0,0.0,0.0,False
lstm_mcd_rep2,mc_dropout,ood_test,horizon_channel,0.8,0.01,False,0.5901111781771452,1.372917521446181,4.003430540864821,0.15167827341740386,0.009011403389214483,0.0001160675073718552,0.04236986845682498,0.058511617207269384,0.15167827341740386,0.029491603404646884,-0.0017545772568261508,-0.012673963824484158,0.009281009409950247,False
lstm_mcd_rep2,mc_dropout,ood_test,horizon_channel,0.9,0.0001,False,0.7108234194591017,2.0508673499341765,5.646432609630482,0.0,0.0,0.0,0.0,0.0,0.0,0.0,0.0,0.0,0.0,False
lstm_mcd_rep2,mc_dropout,ood_test,horizon_channel,0.9,0.001,True,0.7108234194591017,2.0508673499341765,5.646432609630482,0.0,0.0,0.0,0.0,0.0,0.0,0.0,0.0,0.0,0.0,False
lstm_mcd_rep2,mc_dropout,ood_test,horizon_channel,0.9,0.01,False,0.7094166553087092,2.036616857875681,5.669780638849998,0.15167827341740386,0.009011403389214483,0.0001160675073718552,0.04236986845682498,0.058511617207269384,0.15167827341740386,0.029491603404646884,-0.0014067641503924255,-0.014250492058495379,0.023348029219516064,False
lstm_mcd_rep2,mc_dropout,ood_test,horizon_channel,0.95,0.0001,False,0.7968868812347073,2.826992746868016,7.509090193419389,0.0,0.0,0.0,0.0,0.0,0.0,0.0,0.0,0.0,0.0,False
lstm_mcd_rep2,mc_dropout,ood_test,horizon_channel,0.95,0.001,True,0.7968868812347073,2.826992746868016,7.509090193419389,0.0,0.0,0.0,0.0,0.0,0.0,0.0,0.0,0.0,0.0,False
lstm_mcd_rep2,mc_dropout,ood_test,horizon_channel,0.95,0.01,False,0.7949906864749443,2.7998047834347917,7.585511570480962,0.15167827341740386,0.009011403389214483,0.0001160675073718552,0.04236986845682498,0.058511617207269384,0.15167827341740386,0.029491603404646884,-0.0018961947597629925,-0.027187963433224382,0.07642137706157293,False
mlp_ens_rep0,ensemble,test,channel,0.5,0.0001,False,0.6477090783612522,0.3070712338376222,0.6618889241612609,0.0,0.0,0.0,0.0,0.0,0.0,0.0,0.0,-1.7677986852149274e-10,1.7677981301034151e-10,False
mlp_ens_rep0,ensemble,test,channel,0.5,0.001,True,0.6477090783612522,0.30707123401440206,0.6618889239844811,0.0,6.273919317397578e-07,0.0,0.0,0.0,0.0,0.0,0.0,0.0,0.0,False
mlp_ens_rep0,ensemble,test,channel,0.5,0.01,False,0.6477990463642638,0.30704397996566735,0.6618600727496411,0.004330049982223895,0.0038346194867934,0.002934102934102934,0.004330049982223895,0.0008699834786791309,0.0017232365058452014,0.0026266808875504526,8.99680030115313e-05,-2.7254048734715042e-05,-2.8851234839977202e-05,False
mlp_ens_rep0,ensemble,test,channel,0.8,0.0001,False,0.868031369596587,0.7746640470399653,1.1915007118291137,0.0,0.0,0.0,0.0,0.0,0.0,0.0,0.0,-3.887237198796356e-10,1.5548953236077523e-09,False
mlp_ens_rep0,ensemble,test,channel,0.8,0.001,True,0.868031369596587,0.774664047428689,1.1915007102742183,0.0,6.273919317397578e-07,0.0,0.0,0.0,0.0,0.0,0.0,0.0,0.0,False
mlp_ens_rep0,ensemble,test,channel,0.8,0.01,False,0.8681192044670305,0.7744035930694282,1.1912803452642178,0.004330049982223895,0.0038346194867934,0.002934102934102934,0.004330049982223895,0.0008699834786791309,0.0017232365058452014,0.0026266808875504526,8.783487044350391e-05,-0.00026045435926080884,-0.00022036501000055608,False
mlp_ens_rep0,ensemble,test,channel,0.9,0.0001,False,0.9338053830227744,1.2169243449450051,1.6922261586757021,0.0,0.0,0.0,0.0,0.0,0.0,0.0,0.0,-5.640643507831555e-10,5.076578935003795e-09,False
mlp_ens_rep0,ensemble,test,channel,0.9,0.001,True,0.9338053830227744,1.2169243455090695,1.6922261535991232,0.0,6.273919317397578e-07,0.0,0.0,0.0,0.0,0.0,0.0,0.0,0.0,False
mlp_ens_rep0,ensemble,test,channel,0.9,0.01,False,0.9338684359119142,1.2160731238808489,1.6915594973242585,0.004330049982223895,0.0038346194867934,0.002934102934102934,0.004330049982223895,0.0008699834786791309,0.0017232365058452014,0.0026266808875504526,6.30528891397697e-05,-0.0008512216282205998,-0.0006666562748647298,False
mlp_ens_rep0,ensemble,test,channel,0.95,0.0001,False,0.96630183825836,1.7674799733678008,2.3060562007698695,0.0,0.0,0.0,0.0,0.0,0.0,0.0,0.0,-7.627920517450093e-10,1.4493056088582534e-08,False
mlp_ens_rep0,ensemble,test,channel,0.95,0.001,True,0.96630183825836,1.7674799741305929,2.3060561862768134,0.0,6.273919317397578e-07,0.0,0.0,0.0,0.0,0.0,0.0,0.0,0.0,False
mlp_ens_rep0,ensemble,test,channel,0.95,0.01,False,0.9663385406863668,1.7649185789826334,2.3041306540236133,0.004330049982223895,0.0038346194867934,0.002934102934102934,0.004330049982223895,0.0008699834786791309,0.0017232365058452014,0.0026266808875504526,3.670242800679624e-05,-0.0025613951479595,-0.001925532253200135,False
mlp_ens_rep0,ensemble,test,horizon_channel,0.5,0.0001,False,0.64932674571805,0.3101626055280504,0.6519526828524578,0.0,0.0,0.0,0.0,0.0,0.0,0.0,0.0,-1.8563156567452666e-10,1.8563151016337542e-10,False
mlp_ens_rep0,ensemble,test,horizon_channel,0.5,0.001,True,0.64932674571805,0.310162605713682,0.6519526826668263,0.0,6.273919317397578e-07,0.0,0.0,0.0,0.0,0.0,0.0,0.0,0.0,False
mlp_ens_rep0,ensemble,test,horizon_channel,0.5,0.01,False,0.6494125729343121,0.3101362660208671,0.6519250386775847,0.004330049982223895,0.0038346194867934,0.002934102934102934,0.004330049982223895,0.0008699834786791309,0.0017232365058452014,0.0026266808875504526,8.582721626204659e-05,-2.6339692814902893e-05,-2.7643989241599165e-05,False
mlp_ens_rep0,ensemble,test,horizon_channel,0.8,0.0001,False,0.8696937072589247,0.7490959066085314,1.1431940941211434,0.0,0.0,0.0,0.0,0.0,0.0,0.0,0.0,-4.1313885645877235e-10,1.6525558699242993e-09,False
mlp_ens_rep0,ensemble,test,horizon_channel,0.8,0.001,True,0.8696937072589247,0.7490959070216703,1.1431940924685875,0.0,6.273919317397578e-07,0.0,0.0,0.0,0.0,0.0,0.0,0.0,0.0,False
mlp_ens_rep0,ensemble,test,horizon_channel,0.8,0.01,False,0.86977031181379,0.7488238307846831,1.1429751878017747,0.004330049982223895,0.0038346194867934,0.002934102934102934,0.004330049982223895,0.0008699834786791309,0.0017232365058452014,0.0026266808875504526,7.6604554865356e-05,-0.0002720762369872176,-0.00021890466681284693,False
mlp_ens_rep0,ensemble,test,horizon_channel,0.9,0.0001,False,0.9353997113997115,1.1563588713366117,1.5988980504563481,0.0,0.0,0.0,0.0,0.0,0.0,0.0,0.0,-6.043188172100145e-10,5.438867356488686e-09,False
mlp_ens_rep0,ensemble,test,horizon_channel,0.9,0.001,True,0.9353997113997115,1.1563588719409306,1.5988980450174808,0.0,6.273919317397578e-07,0.0,0.0,0.0,0.0,0.0,0.0,0.0,0.0,False
mlp_ens_rep0,ensemble,test,horizon_channel,0.9,0.01,False,0.9354696028609072,1.1555164165494918,1.5982239147973754,0.004330049982223895,0.0038346194867934,0.002934102934102934,0.004330049982223895,0.0008699834786791309,0.0017232365058452014,0.0026266808875504526,6.989146119573686e-05,-0.00084245539143879,-0.0006741302201054289,False
mlp_ens_rep0,ensemble,test,horizon_channel,0.95,0.0001,False,0.9677173599347513,1.669714131926947,2.1531888020458485,0.0,0.0,0.0,0.0,0.0,0.0,0.0,0.0,-8.311700216978579e-10,1.5792234631106794e-08,False
mlp_ens_rep0,ensemble,test,horizon_channel,0.95,0.001,True,0.9677173599347513,1.669714132758117,2.153188786253614,0.0,6.273919317397578e-07,0.0,0.0,0.0,0.0,0.0,0.0,0.0,0.0,False
mlp_ens_rep0,ensemble,test,horizon_channel,0.95,0.01,False,0.9677634105025409,1.6670426081491196,2.1510761248915813,0.004330049982223895,0.0038346194867934,0.002934102934102934,0.004330049982223895,0.0008699834786791309,0.0017232365058452014,0.0026266808875504526,4.6050567789612806e-05,-0.0026715246089974443,-0.0021126613620325863,False
mlp_ens_rep0,ensemble,ood_test,channel,0.5,0.0001,False,0.3777720230793694,0.5829394023641644,2.2613693913576496,0.0,0.0,0.0,0.0,0.0,0.0,0.0,0.0,-2.6190827284722218e-11,2.6190605240117293e-11,False
mlp_ens_rep0,ensemble,ood_test,channel,0.5,0.001,True,0.3777720230793694,0.5829394023903552,2.261369391331459,0.0,3.2451306814125407e-07,0.0,0.0,0.0,0.0,0.0,0.0,0.0,0.0,False
mlp_ens_rep0,ensemble,ood_test,channel,0.5,0.01,False,0.3777269157628978,0.5828461725381421,2.2613806272771995,0.004330049982223895,0.000339765182343893,0.002934102934102934,0.004330049982223895,0.0008699834786791309,0.0017232365058452014,0.0026266808875504526,-4.5107316471615366e-05,-9.322985221316138e-05,1.1235945740484254e-05,False
mlp_ens_rep0,ensemble,ood_test,channel,0.8,0.0001,False,0.6411518915866742,1.4560140435484321,3.954773163678013,0.0,0.0,0.0,0.0,0.0,0.0,0.0,0.0,-6.34359231810322e-11,2.537428045457091e-10,False
mlp_ens_rep0,ensemble,ood_test,channel,0.8,0.001,True,0.6411518915866742,1.456014043611868,3.95477316342427,0.0,3.2451306814125407e-07,0.0,0.0,0.0,0.0,0.0,0.0,0.0,0.0,False
mlp_ens_rep0,ensemble,ood_test,channel,0.8,0.01,False,0.6410011877178294,1.455411484642855,3.9550328456252517,0.004330049982223895,0.000339765182343893,0.002934102934102934,0.004330049982223895,0.0008699834786791309,0.0017232365058452014,0.0026266808875504526,-0.00015070386884474818,-0.0006025589690130673,0.00025968220098171457,False
mlp_ens_rep0,ensemble,ood_test,channel,0.9,0.0001,False,0.7684995164755285,2.282094649330125,5.5509723223925445,0.0,0.0,0.0,0.0,0.0,0.0,0.0,0.0,-9.861844674219356e-11,8.875638002336927e-10,False
mlp_ens_rep0,ensemble,ood_test,channel,0.9,0.001,True,0.7684995164755285,2.2820946494287435,5.550972321504981,0.0,3.2451306814125407e-07,0.0,0.0,0.0,0.0,0.0,0.0,0.0,0.0,False
mlp_ens_rep0,ensemble,ood_test,channel,0.9,0.01,False,0.7682155026382912,2.280250288657982,5.552633791490239,0.004330049982223895,0.000339765182343893,0.002934102934102934,0.004330049982223895,0.0008699834786791309,0.0017232365058452014,0.0026266808875504526,-0.0002840138372373069,-0.001844360770761444,0.0016614699852581793,False
mlp_ens_rep0,ensemble,ood_test,channel,0.95,0.0001,False,0.8584180636954251,3.3188726062982417,7.252563945571123,0.0,0.0,0.0,0.0,0.0,0.0,0.0,0.0,-1.4032819350973114e-10,2.6662352325956817e-09,False
mlp_ens_rep0,ensemble,ood_test,channel,0.95,0.001,True,0.8584180636954251,3.31887260643857,7.252563942904888,0.0,3.2451306814125407e-07,0.0,0.0,0.0,0.0,0.0,0.0,0.0,0.0,False
mlp_ens_rep0,ensemble,ood_test,channel,0.95,0.01,False,0.8579873699513879,3.313579284402274,7.258622803566057,0.004330049982223895,0.000339765182343893,0.002934102934102934,0.004330049982223895,0.0008699834786791309,0.0017232365058452014,0.0026266808875504526,-0.0004306937440371472,-0.005293322036295844,0.006058860661169341,False
mlp_ens_rep0,ensemble,ood_test,horizon_channel,0.5,0.0001,False,0.37220642925290603,0.5948146135773655,2.236928894584193,0.0,0.0,0.0,0.0,0.0,0.0,0.0,0.0,-2.7145841130504778e-11,2.7145841130504778e-11,False
mlp_ens_rep0,ensemble,ood_test,horizon_channel,0.5,0.001,True,0.37220642925290603,0.5948146136045114,2.2369288945570474,0.0,3.2451306814125407e-07,0.0,0.0,0.0,0.0,0.0,0.0,0.0,0.0,False
mlp_ens_rep0,ensemble,ood_test,horizon_channel,0.5,0.01,False,0.37216300940438873,0.5947206014357033,2.2369403139193027,0.004330049982223895,0.000339765182343893,0.002934102934102934,0.004330049982223895,0.0008699834786791309,0.0017232365058452014,0.0026266808875504526,-4.341984851730096e-05,-9.401216880811081e-05,1.1419362255349341e-05,False
mlp_ens_rep0,ensemble,ood_test,horizon_channel,0.8,0.0001,False,0.641259305412229,1.4285752648418533,3.832550454997844,0.0,0.0,0.0,0.0,0.0,0.0,0.0,0.0,-6.358624737856644e-11,2.543454336034756e-10,False
mlp_ens_rep0,ensemble,ood_test,horizon_channel,0.8,0.001,True,0.641259305412229,1.4285752649054395,3.8325504547434988,0.0,3.2451306814125407e-07,0.0,0.0,0.0,0.0,0.0,0.0,0.0,0.0,False
mlp_ens_rep0,ensemble,ood_test,horizon_channel,0.8,0.01,False,0.6411121062845201,1.4279396115719594,3.832814092799976,0.004330049982223895,0.000339765182343893,0.002934102934102934,0.004330049982223895,0.0008699834786791309,0.0017232365058452014,0.0026266808875504526,-0.00014719912770888577,-0.0006356533334801462,0.0002636380564773333,False
mlp_ens_rep0,ensemble,ood_test,horizon_channel,0.9,0.0001,False,0.7718331094193163,2.2073087566856127,5.257970130447084,0.0,0.0,0.0,0.0,0.0,0.0,0.0,0.0,-9.75499681032943e-11,8.779483806620192e-10,False
mlp_ens_rep0,ensemble,ood_test,horizon_channel,0.9,0.001,True,0.7718331094193163,2.2073087567831626,5.257970129569135,0.0,3.2451306814125407e-07,0.0,0.0,0.0,0.0,0.0,0.0,0.0,0.0,False
mlp_ens_rep0,ensemble,ood_test,horizon_channel,0.9,0.01,False,0.7715648669171907,2.205471294172084,5.259314843662716,0.004330049982223895,0.000339765182343893,0.002934102934102934,0.004330049982223895,0.0008699834786791309,0.0017232365058452014,0.0026266808875504526,-0.00026824250212553746,-0.001837462611078422,0.0013447140935811674,False
mlp_ens_rep0,ensemble,ood_test,horizon_channel,0.95,0.0001,False,0.86429064688435,3.204896437638478,6.6115968461651375,0.0,0.0,0.0,0.0,0.0,0.0,0.0,0.0,-1.3782397445538663e-10,2.6186599555444445e-09,False
mlp_ens_rep0,ensemble,ood_test,horizon_channel,0.95,0.001,True,0.86429064688435,3.204896437776302,6.611596843546478,0.0,3.2451306814125407e-07,0.0,0.0,0.0,0.0,0.0,0.0,0.0,0.0,False
mlp_ens_rep0,ensemble,ood_test,horizon_channel,0.95,0.01,False,0.8638430784607696,3.1992954899511465,6.616656145474988,0.004330049982223895,0.000339765182343893,0.002934102934102934,0.004330049982223895,0.0008699834786791309,0.0017232365058452014,0.0026266808875504526,-0.0004475684235804023,-0.005600947825155522,0.005059301928510784,False
mlp_ens_rep1,ensemble,test,channel,0.5,0.0001,False,0.6402156973461322,0.3038762035792617,0.6573636834304117,0.0,0.0,0.0,0.0,0.0,0.0,0.0,0.0,-3.7537956076860723e-10,3.7537939423515354e-10,False
mlp_ens_rep1,ensemble,test,channel,0.5,0.001,True,0.6402156973461322,0.30387620395464127,0.6573636830550323,2.091306439132526e-06,9.410878976096367e-07,0.0,2.091306439132526e-06,0.0,0.0,0.0,0.0,0.0,0.0,False
mlp_ens_rep1,ensemble,test,channel,0.5,0.01,False,0.6404050442311312,0.3038553574623401,0.6573294095243991,0.006702637137419746,0.007102390363259928,0.003995440951962691,0.006702637137419746,0.0008281573498964803,0.0036974297843863062,0.002738565782044043,0.00018934688499905317,-2.084649230116309e-05,-3.427353063323313e-05,False
mlp_ens_rep1,ensemble,test,channel,0.8,0.0001,False,0.8629053892966937,0.7701314527949732,1.1827843810116856,0.0,0.0,0.0,0.0,0.0,0.0,0.0,0.0,-8.538594276075173e-10,3.4154377104300693e-09,False
mlp_ens_rep1,ensemble,test,channel,0.8,0.001,True,0.8629053892966937,0.7701314536488326,1.1827843775962479,2.091306439132526e-06,9.410878976096367e-07,0.0,2.091306439132526e-06,0.0,0.0,0.0,0.0,0.0,0.0,False
mlp_ens_rep1,ensemble,test,channel,0.8,0.01,False,0.8630667545015371,0.7697821773157034,1.1824760824997882,0.006702637137419746,0.007102390363259928,0.003995440951962691,0.006702637137419746,0.0008281573498964803,0.0036974297843863062,0.002738565782044043,0.0001613652048434444,-0.00034927633312920037,-0.00030829509645968756,False
mlp_ens_rep1,ensemble,test,channel,0.9,0.0001,False,0.93046194867934,1.2071610833666184,1.6768941333586984,0.0,0.0,0.0,0.0,0.0,0.0,0.0,0.0,-1.266668769872581e-09,1.1400018040674809e-08,False
mlp_ens_rep1,ensemble,test,channel,0.9,0.001,True,0.93046194867934,1.2071610846332872,1.6768941219586804,2.091306439132526e-06,9.410878976096367e-07,0.0,2.091306439132526e-06,0.0,0.0,0.0,0.0,0.0,0.0,False
mlp_ens_rep1,ensemble,test,channel,0.9,0.01,False,0.9305829725829726,1.205751338216329,1.6757726428409618,0.006702637137419746,0.007102390363259928,0.003995440951962691,0.006702637137419746,0.0008281573498964803,0.0036974297843863062,0.002738565782044043,0.00012102390363266657,-0.0014097464169582352,-0.001121479117718538,False
mlp_ens_rep1,ensemble,test,channel,0.95,0.0001,False,0.9641058410188845,1.7391963528325534,2.279088636925502,0.0,0.0,0.0,0.0,0.0,0.0,0.0,-6.273919317401067e-08,-1.7527101991987593e-09,3.129846515292911e-08,False
mlp_ens_rep1,ensemble,test,channel,0.95,0.001,True,0.9641059037580777,1.7391963545852636,2.2790886056270367,2.091306439132526e-06,9.410878976096367e-07,0.0,2.091306439132526e-06,0.0,0.0,0.0,0.0,0.0,0.0,False
mlp_ens_rep1,ensemble,test,channel,0.95,0.01,False,0.9642062237279628,1.7355366524919797,2.276167064444647,0.006702637137419746,0.007102390363259928,0.003995440951962691,0.006702637137419746,0.0008281573498964803,0.0036974297843863062,0.002738565782044043,0.00010031996988513203,-0.003659702093283812,-0.002921541182389742,False
mlp_ens_rep1,ensemble,test,horizon_channel,0.5,0.0001,False,0.6403199698851872,0.3047065470888865,0.648353614148709,0.0,0.0,0.0,0.0,0.0,0.0,0.0,0.0,-3.825350036734676e-10,3.825350036734676e-10,False
mlp_ens_rep1,ensemble,test,horizon_channel,0.5,0.001,True,0.6403199698851872,0.3047065474714215,0.648353613766174,2.091306439132526e-06,9.410878976096367e-07,0.0,2.091306439132526e-06,0.0,0.0,0.0,0.0,0.0,0.0,False
mlp_ens_rep1,ensemble,test,horizon_channel,0.5,0.01,False,0.6404987765857331,0.3046825511749141,0.6483131331113221,0.006702637137419746,0.007102390363259928,0.003995440951962691,0.006702637137419746,0.0008281573498964803,0.0036974297843863062,0.002738565782044043,0.00017880670054581937,-2.3996296507400317e-05,-4.048065485184882e-05,False
mlp_ens_rep1,ensemble,test,horizon_channel,0.8,0.0001,False,0.8634188468536295,0.7427186230476852,1.1391182364702928,0.0,0.0,0.0,0.0,0.0,0.0,0.0,0.0,-8.684968300087803e-10,3.4739868759459114e-09,False
mlp_ens_rep1,ensemble,test,horizon_channel,0.8,0.001,True,0.8634188468536295,0.742718623916182,1.1391182329963059,2.091306439132526e-06,9.410878976096367e-07,0.0,2.091306439132526e-06,0.0,0.0,0.0,0.0,0.0,0.0,False
mlp_ens_rep1,ensemble,test,horizon_channel,0.8,0.01,False,0.8635724323985193,0.7423646252892901,1.138788161708984,0.006702637137419746,0.007102390363259928,0.003995440951962691,0.006702637137419746,0.0008281573498964803,0.0036974297843863062,0.002738565782044043,0.0001535855448898671,-0.00035399862689189376,-0.00033007128732198687,False
mlp_ens_rep1,ensemble,test,horizon_channel,0.9,0.0001,False,0.9313240479327436,1.14644913486584,1.593318493099675,0.0,0.0,0.0,0.0,0.0,0.0,0.0,0.0,-1.2885463807066344e-09,1.1596914539779846e-08,False
mlp_ens_rep1,ensemble,test,horizon_channel,0.9,0.001,True,0.9313240479327436,1.1464491361543865,1.5933184815027606,2.091306439132526e-06,9.410878976096367e-07,0.0,2.091306439132526e-06,0.0,0.0,0.0,0.0,0.0,0.0,False
mlp_ens_rep1,ensemble,test,horizon_channel,0.9,0.01,False,0.9314628270280444,1.14512474423234,1.5921523404302356,0.006702637137419746,0.007102390363259928,0.003995440951962691,0.006702637137419746,0.0008281573498964803,0.0036974297843863062,0.002738565782044043,0.00013877909530080057,-0.001324391922046475,-0.0011661410725249954,False
mlp_ens_rep1,ensemble,test,horizon_channel,0.95,0.0001,False,0.9650299893343371,1.6411582047160345,2.1435768865039284,0.0,0.0,0.0,0.0,0.0,0.0,0.0,-6.273919317401067e-08,-1.775620761534924e-09,3.141101778680877e-08,False
mlp_ens_rep1,ensemble,test,horizon_channel,0.95,0.001,True,0.9650300520735303,1.6411582064916552,2.1435768550929106,2.091306439132526e-06,9.410878976096367e-07,0.0,2.091306439132526e-06,0.0,0.0,0.0,0.0,0.0,0.0,False
mlp_ens_rep1,ensemble,test,horizon_channel,0.95,0.01,False,0.9651563460693895,1.6377441241263475,2.140550489668391,0.006702637137419746,0.007102390363259928,0.003995440951962691,0.006702637137419746,0.0008281573498964803,0.0036974297843863062,0.002738565782044043,0.00012629399585917245,-0.0034140823653077135,-0.003026365424519728,False
mlp_ens_rep1,ensemble,ood_test,channel,0.5,0.0001,False,0.3879718582267308,0.6239801020442758,2.250482957879248,0.0,0.0,0.0,0.0,0.0,0.0,0.0,0.0,0.0,0.0,False
mlp_ens_rep1,ensemble,ood_test,channel,0.5,0.001,True,0.3879718582267308,0.6239801020442758,2.250482957879248,2.091306439132526e-06,0.0,0.0,2.091306439132526e-06,0.0,0.0,0.0,0.0,0.0,0.0,False
mlp_ens_rep1,ensemble,ood_test,channel,0.5,0.01,False,0.38791409490060164,0.6238519662231786,2.250499345504381,0.006702637137419746,0.0003579379141598032,0.003995440951962691,0.006702637137419746,0.0008281573498964803,0.0036974297843863062,0.002738565782044043,-5.776332612916768e-05,-0.00012813582109716393,1.6387625133340578e-05,False
mlp_ens_rep1,ensemble,ood_test,channel,0.8,0.0001,False,0.6582587277789677,1.5654659893427891,3.872082047039064,0.0,0.0,0.0,0.0,0.0,0.0,0.0,0.0,0.0,0.0,False
mlp_ens_rep1,ensemble,ood_test,channel,0.8,0.001,True,0.6582587277789677,1.5654659893427891,3.872082047039064,2.091306439132526e-06,0.0,0.0,2.091306439132526e-06,0.0,0.0,0.0,0.0,0.0,0.0,False
mlp_ens_rep1,ensemble,ood_test,channel,0.8,0.01,False,0.6580510394153573,1.5644975373512593,3.8725569863176608,0.006702637137419746,0.0003579379141598032,0.003995440951962691,0.006702637137419746,0.0008281573498964803,0.0036974297843863062,0.002738565782044043,-0.00020768836361040321,-0.0009684519915298395,0.0004749392785967643,False
mlp_ens_rep1,ensemble,ood_test,channel,0.9,0.0001,False,0.7847271818636137,2.450002715882783,5.348428340474998,0.0,0.0,0.0,0.0,0.0,0.0,0.0,0.0,0.0,0.0,False
mlp_ens_rep1,ensemble,ood_test,channel,0.9,0.001,True,0.7847271818636137,2.450002715882783,5.348428340474998,2.091306439132526e-06,0.0,0.0,2.091306439132526e-06,0.0,0.0,0.0,0.0,0.0,0.0,False
mlp_ens_rep1,ensemble,ood_test,channel,0.9,0.01,False,0.7842914257157135,2.446530395814311,5.351346951574859,0.006702637137419746,0.0003579379141598032,0.003995440951962691,0.006702637137419746,0.0008281573498964803,0.0036974297843863062,0.002738565782044043,-0.00043575614790014594,-0.003472320068471646,0.002918611099861579,False
mlp_ens_rep1,ensemble,ood_test,channel,0.95,0.0001,False,0.8704759957683496,3.5374197949783692,6.933209855176132,0.0,0.0,0.0,0.0,0.0,0.0,0.0,0.0,0.0,0.0,False
mlp_ens_rep1,ensemble,ood_test,channel,0.95,0.001,True,0.8704759957683496,3.5374197949783692,6.933209855176132,2.091306439132526e-06,0.0,0.0,2.091306439132526e-06,0.0,0.0,0.0,0.0,0.0,0.0,False
mlp_ens_rep1,ensemble,ood_test,channel,0.95,0.01,False,0.8698311883019529,3.52872895133104,6.942113140229196,0.006702637137419746,0.0003579379141598032,0.003995440951962691,0.006702637137419746,0.0008281573498964803,0.0036974297843863062,0.002738565782044043,-0.000644807466396613,-0.008690843647329416,0.008903285053063925,False
mlp_ens_rep1,ensemble,ood_test,horizon_channel,0.5,0.0001,False,0.38527716661149947,0.6294692390264686,2.2312197304405537,0.0,0.0,0.0,0.0,0.0,0.0,0.0,0.0,0.0,0.0,False
mlp_ens_rep1,ensemble,ood_test,horizon_channel,0.5,0.001,True,0.38527716661149947,0.6294692390264686,2.2312197304405537,2.091306439132526e-06,0.0,0.0,2.091306439132526e-06,0.0,0.0,0.0,0.0,0.0,0.0,False
mlp_ens_rep1,ensemble,ood_test,horizon_channel,0.5,0.01,False,0.38519785561764575,0.6293309089146952,2.2312245001110282,0.006702637137419746,0.0003579379141598032,0.003995440951962691,0.006702637137419746,0.0008281573498964803,0.0036974297843863062,0.002738565782044043,-7.931099385372065e-05,-0.00013833011177333265,4.769670474580323e-06,False
mlp_ens_rep1,ensemble,ood_test,horizon_channel,0.8,0.0001,False,0.6593081381387228,1.5269408886646851,3.782070453204171,0.0,0.0,0.0,0.0,0.0,0.0,0.0,0.0,0.0,0.0,False
mlp_ens_rep1,ensemble,ood_test,horizon_channel,0.8,0.001,True,0.6593081381387228,1.5269408886646851,3.782070453204171,2.091306439132526e-06,0.0,0.0,2.091306439132526e-06,0.0,0.0,0.0,0.0,0.0,0.0,False
mlp_ens_rep1,ensemble,ood_test,horizon_channel,0.8,0.01,False,0.6590875341550004,1.5259647953584958,3.7823333834555855,0.006702637137419746,0.0003579379141598032,0.003995440951962691,0.006702637137419746,0.0008281573498964803,0.0036974297843863062,0.002738565782044043,-0.00022060398372236723,-0.0009760933061893073,0.00026293025141432835,False
mlp_ens_rep1,ensemble,ood_test,horizon_channel,0.9,0.0001,False,0.7874548440065682,2.361094647045343,5.138744183314695,0.0,0.0,0.0,0.0,0.0,0.0,0.0,0.0,0.0,0.0,False
mlp_ens_rep1,ensemble,ood_test,horizon_channel,0.9,0.001,True,0.7874548440065682,2.361094647045343,5.138744183314695,2.091306439132526e-06,0.0,0.0,2.091306439132526e-06,0.0,0.0,0.0,0.0,0.0,0.0,False
mlp_ens_rep1,ensemble,ood_test,horizon_channel,0.9,0.01,False,0.7870631567333216,2.3578249794273543,5.140384978570411,0.006702637137419746,0.0003579379141598032,0.003995440951962691,0.006702637137419746,0.0008281573498964803,0.0036974297843863062,0.002738565782044043,-0.00039168727324656594,-0.0032696676179888584,0.0016407952557164762,False
mlp_ens_rep1,ensemble,ood_test,horizon_channel,0.95,0.0001,False,0.8751491137548109,3.3998940710785326,6.48404051430641,0.0,0.0,0.0,0.0,0.0,0.0,0.0,0.0,0.0,0.0,False
mlp_ens_rep1,ensemble,ood_test,horizon_channel,0.95,0.001,True,0.8751491137548109,3.3998940710785326,6.48404051430641,2.091306439132526e-06,0.0,0.0,2.091306439132526e-06,0.0,0.0,0.0,0.0,0.0,0.0,False
mlp_ens_rep1,ensemble,ood_test,horizon_channel,0.95,0.01,False,0.8745989992016978,3.3917211629524835,6.489017082049445,0.006702637137419746,0.0003579379141598032,0.003995440951962691,0.006702637137419746,0.0008281573498964803,0.0036974297843863062,0.002738565782044043,-0.0005501145531130458,-0.008172908126049094,0.004976567743034899,False
mlp_ens_rep2,ensemble,test,channel,0.5,0.0001,False,0.6479658698789134,0.30548285586910734,0.6683458789349715,0.0,0.0,0.0,0.0,0.0,0.0,0.0,0.0,-1.1850070924523948e-10,1.1850065373408825e-10,False
mlp_ens_rep2,ensemble,test,channel,0.5,0.001,True,0.6479658698789134,0.30548285598760805,0.6683458788164709,0.0,6.273919317397578e-07,0.0,0.0,0.0,0.0,0.0,0.0,0.0,0.0,False
mlp_ens_rep2,ensemble,test,channel,0.5,0.01,False,0.6480908463517159,0.3054603752846384,0.668316602862671,0.004851830938787461,0.005143359056402535,0.004851830938787461,0.00434259782085869,0.0007099985360854926,0.0011282598239119978,0.002849405023318067,0.00012497647280251822,-2.248070296967386e-05,-2.9275953799867693e-05,False
mlp_ens_rep2,ensemble,test,channel,0.8,0.0001,False,0.8684013426187339,0.8035431487621733,1.2302834161043839,0.0,0.0,0.0,0.0,0.0,0.0,0.0,0.0,-2.8917401806438647e-10,1.156695850212941e-09,False
mlp_ens_rep2,ensemble,test,channel,0.8,0.001,True,0.8684013426187339,0.8035431490513473,1.230283414947688,0.0,6.273919317397578e-07,0.0,0.0,0.0,0.0,0.0,0.0,0.0,0.0,False
mlp_ens_rep2,ensemble,test,channel,0.8,0.01,False,0.8685400589748415,0.8033042564836125,1.230056471477092,0.004851830938787461,0.005143359056402535,0.004851830938787461,0.00434259782085869,0.0007099985360854926,0.0011282598239119978,0.002849405023318067,0.00013871635610762656,-0.00023889256773479417,-0.00022694347059593056,False
mlp_ens_rep2,ensemble,test,channel,0.9,0.0001,False,0.9338339293556684,1.2831797084505534,1.7656463899113224,0.0,0.0,0.0,0.0,0.0,0.0,0.0,0.0,-4.56403359549995e-10,4.10762956981614e-09,False
mlp_ens_rep2,ensemble,test,channel,0.9,0.001,True,0.9338339293556684,1.2831797089069568,1.7656463858036928,0.0,6.273919317397578e-07,0.0,0.0,0.0,0.0,0.0,0.0,0.0,0.0,False
mlp_ens_rep2,ensemble,test,channel,0.9,0.01,False,0.933925716795282,1.2822573974830809,1.764899047087696,0.004851830938787461,0.005143359056402535,0.004851830938787461,0.00434259782085869,0.0007099985360854926,0.0011282598239119978,0.002849405023318067,9.17874396135776e-05,-0.0009223114238758878,-0.0007473387159968592,False
mlp_ens_rep2,ensemble,test,channel,0.95,0.0001,False,0.9664432523997741,1.880031716589798,2.4165796252168805,0.0,0.0,0.0,0.0,0.0,0.0,0.0,0.0,-6.836067267812496e-10,1.2988537800850963e-08,False
mlp_ens_rep2,ensemble,test,channel,0.95,0.001,True,0.9664432523997741,1.8800317172734047,2.4165796122283427,0.0,6.273919317397578e-07,0.0,0.0,0.0,0.0,0.0,0.0,0.0,0.0,False
mlp_ens_rep2,ensemble,test,channel,0.95,0.01,False,0.9664800175669741,1.8772034537895324,2.4143654534649905,0.004851830938787461,0.005143359056402535,0.004851830938787461,0.00434259782085869,0.0007099985360854926,0.0011282598239119978,0.002849405023318067,3.676516719997025e-05,-0.0028282634838723286,-0.002214158763352181,False
mlp_ens_rep2,ensemble,test,horizon_channel,0.5,0.0001,False,0.6496176673567978,0.30720255166523985,0.6563754421203454,0.0,0.0,0.0,0.0,0.0,0.0,0.0,0.0,-1.296623364233085e-10,1.2966228091215726e-10,False
mlp_ens_rep2,ensemble,test,horizon_channel,0.5,0.001,True,0.6496176673567978,0.3072025517949022,0.6563754419906831,0.0,6.273919317397578e-07,0.0,0.0,0.0,0.0,0.0,0.0,0.0,0.0,False
mlp_ens_rep2,ensemble,test,horizon_channel,0.5,0.01,False,0.6497366836062488,0.3071704007141879,0.6563412971534957,0.004851830938787461,0.005143359056402535,0.004851830938787461,0.00434259782085869,0.0007099985360854926,0.0011282598239119978,0.002849405023318067,0.00011901624945098721,-3.215108071430439e-05,-3.414483718744421e-05,False
mlp_ens_rep2,ensemble,test,horizon_channel,0.8,0.0001,False,0.8702834556747601,0.7647936235256326,1.1688440225618768,0.0,0.0,0.0,0.0,0.0,0.0,0.0,0.0,-3.120368408104923e-10,1.2481475852865742e-09,False
mlp_ens_rep2,ensemble,test,horizon_channel,0.8,0.001,True,0.8702834556747601,0.7647936238376695,1.1688440213137292,0.0,6.273919317397578e-07,0.0,0.0,0.0,0.0,0.0,0.0,0.0,0.0,False
mlp_ens_rep2,ensemble,test,horizon_channel,0.8,0.01,False,0.8704307045611394,0.7645683001158646,1.1686140747393423,0.004851830938787461,0.005143359056402535,0.004851830938787461,0.00434259782085869,0.0007099985360854926,0.0011282598239119978,0.002849405023318067,0.000147248886379292,-0.00022532372180483762,-0.0002299465743869078,False
mlp_ens_rep2,ensemble,test,horizon_channel,0.9,0.0001,False,0.9355658447832361,1.1932140329649799,1.6440194426172845,0.0,0.0,0.0,0.0,0.0,0.0,0.0,0.0,-4.854416868482758e-10,4.368974293456063e-09,False
mlp_ens_rep2,ensemble,test,horizon_channel,0.9,0.001,True,0.9355658447832361,1.1932140334504215,1.6440194382483102,0.0,6.273919317397578e-07,0.0,0.0,0.0,0.0,0.0,0.0,0.0,0.0,False
mlp_ens_rep2,ensemble,test,horizon_channel,0.9,0.01,False,0.935667168580212,1.192263189886781,1.6432309600919777,0.004851830938787461,0.005143359056402535,0.004851830938787461,0.00434259782085869,0.0007099985360854926,0.0011282598239119978,0.002849405023318067,0.0001013237969759162,-0.0009508435636405022,-0.0007884781563325394,False
mlp_ens_rep2,ensemble,test,horizon_channel,0.95,0.0001,False,0.9680348202522115,1.7307158444964839,2.214826063508147,0.0,0.0,0.0,0.0,0.0,0.0,0.0,0.0,-7.256644174447047e-10,1.3787627484163067e-08,False
mlp_ens_rep2,ensemble,test,horizon_channel,0.95,0.001,True,0.9680348202522115,1.7307158452221483,2.2148260497205197,0.0,6.273919317397578e-07,0.0,0.0,0.0,0.0,0.0,0.0,0.0,0.0,False
mlp_ens_rep2,ensemble,test,horizon_channel,0.95,0.01,False,0.9680882740447958,1.7279052403771895,2.2125764577135127,0.004851830938787461,0.005143359056402535,0.004851830938787461,0.00434259782085869,0.0007099985360854926,0.0011282598239119978,0.002849405023318067,5.345379258425709e-05,-0.002810604844958764,-0.0022495920070069175,False
mlp_ens_rep2,ensemble,ood_test,channel,0.5,0.0001,False,0.36705595254320894,0.5563664432662686,2.268709399256508,0.0,0.0,0.0,0.0,0.0,0.0,0.0,0.0,-6.814426800616502e-11,6.814371289465271e-11,False
mlp_ens_rep2,ensemble,ood_test,channel,0.5,0.001,True,0.36705595254320894,0.5563664433344129,2.2687093991883645,0.0,3.2451306814125407e-07,0.0,0.0,0.0,0.0,0.0,0.0,0.0,0.0,False
mlp_ens_rep2,ensemble,ood_test,channel,0.5,0.01,False,0.36701071542151004,0.5562829834286115,2.268721101199427,0.004851830938787461,0.00034138774768459925,0.004851830938787461,0.00434259782085869,0.0007099985360854926,0.0011282598239119978,0.002849405023318067,-4.523712169890448e-05,-8.345990580138629e-05,1.1702011062375561e-05,False
mlp_ens_rep2,ensemble,ood_test,channel,0.8,0.0001,False,0.6392166903561206,1.4484653432649637,3.9703503427153315,0.0,0.0,0.0,0.0,0.0,0.0,0.0,0.0,-1.4940226833459747e-10,5.976099615168096e-10,False
mlp_ens_rep2,ensemble,ood_test,channel,0.8,0.001,True,0.6392166903561206,1.448465343414366,3.9703503421177215,0.0,3.2451306814125407e-07,0.0,0.0,0.0,0.0,0.0,0.0,0.0,0.0,False
mlp_ens_rep2,ensemble,ood_test,channel,0.8,0.01,False,0.6390582630762541,1.4479164972134277,3.9706040716706887,0.004851830938787461,0.00034138774768459925,0.004851830938787461,0.00434259782085869,0.0007099985360854926,0.0011282598239119978,0.002849405023318067,-0.00015842727986647986,-0.0005488462009382022,0.0002537295529672079,False
mlp_ens_rep2,ensemble,ood_test,channel,0.9,0.0001,False,0.7695260162126729,2.3059130807949506,5.5744045738150865,0.0,0.0,0.0,0.0,0.0,0.0,0.0,0.0,-2.1793411519865913e-10,1.961404372252673e-09,False
mlp_ens_rep2,ensemble,ood_test,channel,0.9,0.001,True,0.7695260162126729,2.3059130810128847,5.574404571853682,0.0,3.2451306814125407e-07,0.0,0.0,0.0,0.0,0.0,0.0,0.0,0.0,False
mlp_ens_rep2,ensemble,ood_test,channel,0.9,0.01,False,0.7692202599998702,2.3040283275882847,5.575746800513731,0.004851830938787461,0.00034138774768459925,0.004851830938787461,0.00434259782085869,0.0007099985360854926,0.0011282598239119978,0.002849405023318067,-0.00030575621280271026,-0.0018847534246000386,0.0013422286600492939,False
mlp_ens_rep2,ensemble,ood_test,channel,0.95,0.0001,False,0.8595482129065337,3.3775745971851414,7.322928384944575,0.0,0.0,0.0,0.0,0.0,0.0,0.0,0.0,-2.981672686530601e-10,5.665173219426833e-09,False
mlp_ens_rep2,ensemble,ood_test,channel,0.95,0.001,True,0.8595482129065337,3.3775745974833087,7.322928379279402,0.0,3.2451306814125407e-07,0.0,0.0,0.0,0.0,0.0,0.0,0.0,0.0,False
mlp_ens_rep2,ensemble,ood_test,channel,0.95,0.01,False,0.8589700604243333,3.3719454514943847,7.329022117489127,0.004851830938787461,0.00034138774768459925,0.004851830938787461,0.00434259782085869,0.0007099985360854926,0.0011282598239119978,0.002849405023318067,-0.0005781524822003892,-0.005629145988923945,0.006093738209725252,False
mlp_ens_rep2,ensemble,ood_test,horizon_channel,0.5,0.0001,False,0.361003004991011,0.569159044651493,2.2420917354569054,0.0,0.0,0.0,0.0,0.0,0.0,0.0,0.0,-6.01995120419474e-11,6.020028919806464e-11,False
mlp_ens_rep2,ensemble,ood_test,horizon_channel,0.5,0.001,True,0.361003004991011,0.5691590447116925,2.242091735396705,0.0,3.2451306814125407e-07,0.0,0.0,0.0,0.0,0.0,0.0,0.0,0.0,False
mlp_ens_rep2,ensemble,ood_test,horizon_channel,0.5,0.01,False,0.36094355419692753,0.5690530505539766,2.2421059214176164,0.004851830938787461,0.00034138774768459925,0.004851830938787461,0.00434259782085869,0.0007099985360854926,0.0011282598239119978,0.002849405023318067,-5.9450794083482084e-05,-0.00010599415771594956,1.4186020911299835e-05,False
mlp_ens_rep2,ensemble,ood_test,horizon_channel,0.8,0.0001,False,0.639058457784095,1.4105838276690505,3.8340156995240866,0.0,0.0,0.0,0.0,0.0,0.0,0.0,0.0,-1.267992377762539e-10,5.071951747481762e-10,False
mlp_ens_rep2,ensemble,ood_test,horizon_channel,0.8,0.001,True,0.639058457784095,1.4105838277958498,3.8340156990168914,0.0,3.2451306814125407e-07,0.0,0.0,0.0,0.0,0.0,0.0,0.0,0.0,False
mlp_ens_rep2,ensemble,ood_test,horizon_channel,0.8,0.01,False,0.6388971747892288,1.4100449712018754,3.834249639792641,0.004851830938787461,0.00034138774768459925,0.004851830938787461,0.00434259782085869,0.0007099985360854926,0.0011282598239119978,0.002849405023318067,-0.00016128299486617426,-0.0005388565939743462,0.0002339407757494527,False
mlp_ens_rep2,ensemble,ood_test,horizon_channel,0.9,0.0001,False,0.7726712617717115,2.2005998460271177,5.259391152263874,0.0,0.0,0.0,0.0,0.0,0.0,0.0,0.0,-1.773674540572756e-10,1.5963070865154805e-09,False
mlp_ens_rep2,ensemble,ood_test,horizon_channel,0.9,0.001,True,0.7726712617717115,2.200599846204485,5.259391150667567,0.0,3.2451306814125407e-07,0.0,0.0,0.0,0.0,0.0,0.0,0.0,0.0,False
mlp_ens_rep2,ensemble,ood_test,horizon_channel,0.9,0.01,False,0.7723346119148218,2.1985693633141943,5.260697017708791,0.004851830938787461,0.00034138774768459925,0.004851830938787461,0.00434259782085869,0.0007099985360854926,0.0011282598239119978,0.002849405023318067,-0.000336649856889748,-0.002030482890290841,0.0013058670412240403,False
mlp_ens_rep2,ensemble,ood_test,horizon_channel,0.95,0.0001,False,0.8654451345755694,3.200296975043858,6.67140135874386,0.0,0.0,0.0,0.0,0.0,0.0,0.0,0.0,-2.3381119262921857e-10,4.4424135481335725e-09,False
mlp_ens_rep2,ensemble,ood_test,horizon_channel,0.95,0.001,True,0.8654451345755694,3.200296975277669,6.671401354301446,0.0,3.2451306814125407e-07,0.0,0.0,0.0,0.0,0.0,0.0,0.0,0.0,False
mlp_ens_rep2,ensemble,ood_test,horizon_channel,0.95,0.01,False,0.8648850250199576,3.194564246928437,6.676882869627502,0.004851830938787461,0.00034138774768459925,0.004851830938787461,0.00434259782085869,0.0007099985360854926,0.0011282598239119978,0.002849405023318067,-0.0005601095556118096,-0.005732728349232108,0.005481515326056119,False
mlp_gauss_rep0,gaussian,test,channel,0.5,0.0001,False,0.6287708137273355,0.3086243410348787,0.6208189458960213,0.0,0.0,0.0,0.0,0.0,0.0,0.0,0.0,0.0,0.0,False
mlp_gauss_rep0,gaussian,test,channel,0.5,0.001,True,0.6287708137273355,0.3086243410348787,0.6208189458960213,0.0,0.0,0.0,0.0,0.0,0.0,0.0,0.0,0.0,0.0,False
mlp_gauss_rep0,gaussian,test,channel,0.5,0.01,False,0.6287708137273355,0.3086243410348787,0.6208189458960213,0.0,0.0,0.0,0.0,0.0,0.0,0.0,0.0,0.0,0.0,False
mlp_gauss_rep0,gaussian,test,channel,0.8,0.0001,False,0.855492251709643,0.6440960188879975,0.9900362360465031,0.0,0.0,0.0,0.0,0.0,0.0,0.0,0.0,0.0,0.0,False
mlp_gauss_rep0,gaussian,test,channel,0.8,0.001,True,0.855492251709643,0.6440960188879975,0.9900362360465031,0.0,0.0,0.0,0.0,0.0,0.0,0.0,0.0,0.0,0.0,False
mlp_gauss_rep0,gaussian,test,channel,0.8,0.01,False,0.855492251709643,0.6440960188879975,0.9900362360465031,0.0,0.0,0.0,0.0,0.0,0.0,0.0,0.0,0.0,0.0,False
mlp_gauss_rep0,gaussian,test,channel,0.9,0.0001,False,0.9247181128050693,0.8872679317273805,1.293511012577003,0.0,0.0,0.0,0.0,0.0,0.0,0.0,0.0,0.0,0.0,False
mlp_gauss_rep0,gaussian,test,channel,0.9,0.001,True,0.9247181128050693,0.8872679317273805,1.293511012577003,0.0,0.0,0.0,0.0,0.0,0.0,0.0,0.0,0.0,0.0,False
mlp_gauss_rep0,gaussian,test,channel,0.9,0.01,False,0.9247181128050693,0.8872679317273805,1.293511012577003,0.0,0.0,0.0,0.0,0.0,0.0,0.0,0.0,0.0,0.0,False
mlp_gauss_rep0,gaussian,test,channel,0.95,0.0001,False,0.960128740824393,1.1479995480238863,1.6390014680604779,0.0,0.0,0.0,0.0,0.0,0.0,0.0,0.0,0.0,0.0,False
mlp_gauss_rep0,gaussian,test,channel,0.95,0.001,True,0.960128740824393,1.1479995480238863,1.6390014680604779,0.0,0.0,0.0,0.0,0.0,0.0,0.0,0.0,0.0,0.0,False
mlp_gauss_rep0,gaussian,test,channel,0.95,0.01,False,0.960128740824393,1.1479995480238863,1.6390014680604779,0.0,0.0,0.0,0.0,0.0,0.0,0.0,0.0,0.0,0.0,False
mlp_gauss_rep0,gaussian,test,horizon_channel,0.5,0.0001,False,0.6287348014304536,0.306034178305285,0.6205011179557702,0.0,0.0,0.0,0.0,0.0,0.0,0.0,0.0,0.0,0.0,False
mlp_gauss_rep0,gaussian,test,horizon_channel,0.5,0.001,True,0.6287348014304536,0.306034178305285,0.6205011179557702,0.0,0.0,0.0,0.0,0.0,0.0,0.0,0.0,0.0,0.0,False
mlp_gauss_rep0,gaussian,test,horizon_channel,0.5,0.01,False,0.6287348014304536,0.306034178305285,0.6205011179557702,0.0,0.0,0.0,0.0,0.0,0.0,0.0,0.0,0.0,0.0,False
mlp_gauss_rep0,gaussian,test,horizon_channel,0.8,0.0001,False,0.8552623125666604,0.6419987137573193,0.9896394932445955,0.0,0.0,0.0,0.0,0.0,0.0,0.0,0.0,0.0,0.0,False
mlp_gauss_rep0,gaussian,test,horizon_channel,0.8,0.001,True,0.8552623125666604,0.6419987137573193,0.9896394932445955,0.0,0.0,0.0,0.0,0.0,0.0,0.0,0.0,0.0,0.0,False
mlp_gauss_rep0,gaussian,test,horizon_channel,0.8,0.01,False,0.8552623125666604,0.6419987137573193,0.9896394932445955,0.0,0.0,0.0,0.0,0.0,0.0,0.0,0.0,0.0,0.0,False
mlp_gauss_rep0,gaussian,test,horizon_channel,0.9,0.0001,False,0.9249618545705502,0.8915490470015938,1.29321303554237,0.0,0.0,0.0,0.0,0.0,0.0,0.0,0.0,0.0,0.0,False
mlp_gauss_rep0,gaussian,test,horizon_channel,0.9,0.001,True,0.9249618545705502,0.8915490470015938,1.29321303554237,0.0,0.0,0.0,0.0,0.0,0.0,0.0,0.0,0.0,0.0,False
mlp_gauss_rep0,gaussian,test,horizon_channel,0.9,0.01,False,0.9249618545705502,0.8915490470015938,1.29321303554237,0.0,0.0,0.0,0.0,0.0,0.0,0.0,0.0,0.0,0.0,False
mlp_gauss_rep0,gaussian,test,horizon_channel,0.95,0.0001,False,0.9609009975531715,1.1693937217016814,1.6370004272363095,0.0,0.0,0.0,0.0,0.0,0.0,0.0,0.0,0.0,0.0,False
mlp_gauss_rep0,gaussian,test,horizon_channel,0.95,0.001,True,0.9609009975531715,1.1693937217016814,1.6370004272363095,0.0,0.0,0.0,0.0,0.0,0.0,0.0,0.0,0.0,0.0,False
mlp_gauss_rep0,gaussian,test,horizon_channel,0.95,0.01,False,0.9609009975531715,1.1693937217016814,1.6370004272363095,0.0,0.0,0.0,0.0,0.0,0.0,0.0,0.0,0.0,0.0,False
mlp_gauss_rep0,gaussian,ood_test,channel,0.5,0.0001,False,0.19465293327362293,0.2722161334842857,2.3480774873068797,0.0,0.0,0.0,0.0,0.0,0.0,0.0,0.0,0.0,0.0,False
mlp_gauss_rep0,gaussian,ood_test,channel,0.5,0.001,True,0.19465293327362293,0.2722161334842857,2.3480774873068797,0.0,0.0,0.0,0.0,0.0,0.0,0.0,0.0,0.0,0.0,False
mlp_gauss_rep0,gaussian,ood_test,channel,0.5,0.01,False,0.19465293327362293,0.2722164672106166,2.3480771554165143,0.0,0.0007736391544487497,0.0,0.0,0.0,0.0,0.0,0.0,3.337263309033389e-07,-3.3189036541259043e-07,False
mlp_gauss_rep0,gaussian,ood_test,channel,0.8,0.0001,False,0.35576166462223435,0.5671551561267143,4.784472537328293,0.0,0.0,0.0,0.0,0.0,0.0,0.0,0.0,0.0,0.0,False
mlp_gauss_rep0,gaussian,ood_test,channel,0.8,0.001,True,0.35576166462223435,0.5671551561267143,4.784472537328293,0.0,0.0,0.0,0.0,0.0,0.0,0.0,0.0,0.0,0.0,False
mlp_gauss_rep0,gaussian,ood_test,channel,0.8,0.01,False,0.3557617944274616,0.5671559446442782,4.7844693968225345,0.0,0.0007736391544487497,0.0,0.0,0.0,0.0,0.0,1.2980522723360366e-07,7.885175639099629e-07,-3.1405057585587315e-06,False
mlp_gauss_rep0,gaussian,ood_test,channel,0.9,0.0001,False,0.44646417051214654,0.7805512009797836,8.112721796504227,0.0,0.0,0.0,0.0,0.0,0.0,0.0,0.0,0.0,0.0,False
mlp_gauss_rep0,gaussian,ood_test,channel,0.9,0.001,True,0.44646417051214654,0.7805512009797836,8.112721796504227,0.0,0.0,0.0,0.0,0.0,0.0,0.0,0.0,0.0,0.0,False
mlp_gauss_rep0,gaussian,ood_test,channel,0.9,0.01,False,0.4464645599278283,0.7805523795423552,8.112711261898937,0.0,0.0007736391544487497,0.0,0.0,0.0,0.0,0.0,3.8941568175632213e-07,1.178562571646502e-06,-1.0534605289436172e-05,False
mlp_gauss_rep0,gaussian,ood_test,channel,0.95,0.0001,False,0.5240731582260818,1.0091788631821232,13.714286602810082,0.0,0.0,0.0,0.0,0.0,0.0,0.0,0.0,0.0,0.0,False
mlp_gauss_rep0,gaussian,ood_test,channel,0.95,0.001,True,0.5240731582260818,1.0091788631821232,13.714286602810082,0.0,0.0,0.0,0.0,0.0,0.0,0.0,0.0,0.0,0.0,False
mlp_gauss_rep0,gaussian,ood_test,channel,0.95,0.01,False,0.5240733529339227,1.0091805570898742,13.714254702278101,0.0,0.0007736391544487497,0.0,0.0,0.0,0.0,0.0,1.947078408504055e-07,1.6939077509547928e-06,-3.190053198132148e-05,False
mlp_gauss_rep0,gaussian,ood_test,horizon_channel,0.5,0.0001,False,0.19617593800502348,0.27003189413858375,2.3501640987140804,0.0,0.0,0.0,0.0,0.0,0.0,0.0,0.0,0.0,0.0,False
mlp_gauss_rep0,gaussian,ood_test,horizon_channel,0.5,0.001,True,0.19617593800502348,0.27003189413858375,2.3501640987140804,0.0,0.0,0.0,0.0,0.0,0.0,0.0,0.0,0.0,0.0,False
mlp_gauss_rep0,gaussian,ood_test,horizon_channel,0.5,0.01,False,0.1961760029076371,0.2700322051110959,2.350163789373511,0.0,0.0007736391544487497,0.0,0.0,0.0,0.0,0.0,6.490261361680183e-08,3.1097251212974797e-07,-3.0934056960418843e-07,False
mlp_gauss_rep0,gaussian,ood_test,horizon_channel,0.8,0.0001,False,0.3558943904671041,0.565366378999621,4.789656913494472,0.0,0.0,0.0,0.0,0.0,0.0,0.0,0.0,0.0,0.0,False
mlp_gauss_rep0,gaussian,ood_test,horizon_channel,0.8,0.001,True,0.3558943904671041,0.565366378999621,4.789656913494472,0.0,0.0,0.0,0.0,0.0,0.0,0.0,0.0,0.0,0.0,False
mlp_gauss_rep0,gaussian,ood_test,horizon_channel,0.8,0.01,False,0.35589452027233137,0.5653671614116164,4.789653797014191,0.0,0.0007736391544487497,0.0,0.0,0.0,0.0,0.0,1.298052272891148e-07,7.824119953037112e-07,-3.1164802809513503e-06,False
mlp_gauss_rep0,gaussian,ood_test,horizon_channel,0.9,0.0001,False,0.4462102714876328,0.7843989214725732,8.089099268367196,0.0,0.0,0.0,0.0,0.0,0.0,0.0,0.0,0.0,0.0,False
mlp_gauss_rep0,gaussian,ood_test,horizon_channel,0.9,0.001,True,0.4462102714876328,0.7843989214725732,8.089099268367196,0.0,0.0,0.0,0.0,0.0,0.0,0.0,0.0,0.0,0.0,False
mlp_gauss_rep0,gaussian,ood_test,horizon_channel,0.9,0.01,False,0.44621053109808734,0.7844001566607479,8.089088233807,0.0,0.0007736391544487497,0.0,0.0,0.0,0.0,0.0,2.5961045452271847e-07,1.2351881747418858e-06,-1.1034560195355425e-05,False
mlp_gauss_rep0,gaussian,ood_test,horizon_channel,0.95,0.0001,False,0.5247182902055466,1.0283373023408866,13.520946307965664,0.0,0.0,0.0,0.0,0.0,0.0,0.0,0.0,0.0,0.0,False
mlp_gauss_rep0,gaussian,ood_test,horizon_channel,0.95,0.001,True,0.5247182902055466,1.0283373023408866,13.520946307965664,0.0,0.0,0.0,0.0,0.0,0.0,0.0,0.0,0.0,0.0,False
mlp_gauss_rep0,gaussian,ood_test,horizon_channel,0.95,0.01,False,0.5247184200107738,1.0283391898903058,13.520910787008905,0.0,0.0007736391544487497,0.0,0.0,0.0,0.0,0.0,1.2980522723360366e-07,1.8875494192105435e-06,-3.5520956759071964e-05,False
mlp_gauss_rep1,gaussian,test,channel,0.5,0.0001,False,0.6267152268021833,0.32403831907662195,0.6341245615416466,0.0,0.0,0.0,0.0,0.0,0.0,0.0,0.0,0.0,0.0,False
mlp_gauss_rep1,gaussian,test,channel,0.5,0.001,True,0.6267152268021833,0.32403831907662195,0.6341245615416466,0.0,0.0,0.0,0.0,0.0,0.0,0.0,0.0,0.0,0.0,False
mlp_gauss_rep1,gaussian,test,channel,0.5,0.01,False,0.6267152268021833,0.32403831907662195,0.6341245615416466,0.0,0.0,0.0,0.0,0.0,0.0,0.0,0.0,0.0,0.0,False
mlp_gauss_rep1,gaussian,test,channel,0.8,0.0001,False,0.8575292050944224,0.670026098558443,1.0049939925031655,0.0,0.0,0.0,0.0,0.0,0.0,0.0,0.0,0.0,0.0,False
mlp_gauss_rep1,gaussian,test,channel,0.8,0.001,True,0.8575292050944224,0.670026098558443,1.0049939925031655,0.0,0.0,0.0,0.0,0.0,0.0,0.0,0.0,0.0,0.0,False
mlp_gauss_rep1,gaussian,test,channel,0.8,0.01,False,0.8575292050944224,0.670026098558443,1.0049939925031655,0.0,0.0,0.0,0.0,0.0,0.0,0.0,0.0,0.0,0.0,False
mlp_gauss_rep1,gaussian,test,channel,0.9,0.0001,False,0.9272464395507873,0.9219743617375699,1.3060635196742367,0.0,0.0,0.0,0.0,0.0,0.0,0.0,0.0,0.0,0.0,False
mlp_gauss_rep1,gaussian,test,channel,0.9,0.001,True,0.9272464395507873,0.9219743617375699,1.3060635196742367,0.0,0.0,0.0,0.0,0.0,0.0,0.0,0.0,0.0,0.0,False
mlp_gauss_rep1,gaussian,test,channel,0.9,0.01,False,0.9272464395507873,0.9219743617375699,1.3060635196742367,0.0,0.0,0.0,0.0,0.0,0.0,0.0,0.0,0.0,0.0,False
mlp_gauss_rep1,gaussian,test,channel,0.95,0.0001,False,0.9620196373674634,1.190640947210626,1.6413895464191888,0.0,0.0,0.0,0.0,0.0,0.0,0.0,0.0,0.0,0.0,False
mlp_gauss_rep1,gaussian,test,channel,0.95,0.001,True,0.9620196373674634,1.190640947210626,1.6413895464191888,0.0,0.0,0.0,0.0,0.0,0.0,0.0,0.0,0.0,0.0,False
mlp_gauss_rep1,gaussian,test,channel,0.95,0.01,False,0.9620196373674634,1.190640947210626,1.6413895464191888,0.0,0.0,0.0,0.0,0.0,0.0,0.0,0.0,0.0,0.0,False
mlp_gauss_rep1,gaussian,test,horizon_channel,0.5,0.0001,False,0.6270806198632286,0.3202700120357084,0.6334332827093719,0.0,0.0,0.0,0.0,0.0,0.0,0.0,0.0,0.0,0.0,False
mlp_gauss_rep1,gaussian,test,horizon_channel,0.5,0.001,True,0.6270806198632286,0.3202700120357084,0.6334332827093719,0.0,0.0,0.0,0.0,0.0,0.0,0.0,0.0,0.0,0.0,False
mlp_gauss_rep1,gaussian,test,horizon_channel,0.5,0.01,False,0.6270806198632286,0.3202700120357084,0.6334332827093719,0.0,0.0,0.0,0.0,0.0,0.0,0.0,0.0,0.0,0.0,False
mlp_gauss_rep1,gaussian,test,horizon_channel,0.8,0.0001,False,0.8575694836564401,0.6602202569378597,1.0032411293586134,0.0,0.0,0.0,0.0,0.0,0.0,0.0,0.0,0.0,0.0,False
mlp_gauss_rep1,gaussian,test,horizon_channel,0.8,0.001,True,0.8575694836564401,0.6602202569378597,1.0032411293586134,0.0,0.0,0.0,0.0,0.0,0.0,0.0,0.0,0.0,0.0,False
mlp_gauss_rep1,gaussian,test,horizon_channel,0.8,0.01,False,0.8575694836564401,0.6602202569378597,1.0032411293586134,0.0,0.0,0.0,0.0,0.0,0.0,0.0,0.0,0.0,0.0,False
mlp_gauss_rep1,gaussian,test,horizon_channel,0.9,0.0001,False,0.9273345881171968,0.9118224614228362,1.3044159369883683,0.0,0.0,0.0,0.0,0.0,0.0,0.0,0.0,0.0,0.0,False
mlp_gauss_rep1,gaussian,test,horizon_channel,0.9,0.001,True,0.9273345881171968,0.9118224614228362,1.3044159369883683,0.0,0.0,0.0,0.0,0.0,0.0,0.0,0.0,0.0,0.0,False
mlp_gauss_rep1,gaussian,test,horizon_channel,0.9,0.01,False,0.9273345881171968,0.9118224614228362,1.3044159369883683,0.0,0.0,0.0,0.0,0.0,0.0,0.0,0.0,0.0,0.0,False
mlp_gauss_rep1,gaussian,test,horizon_channel,0.95,0.0001,False,0.9624747474747475,1.1902645762700534,1.6386293880274985,0.0,0.0,0.0,0.0,0.0,0.0,0.0,0.0,0.0,0.0,False
mlp_gauss_rep1,gaussian,test,horizon_channel,0.95,0.001,True,0.9624747474747475,1.1902645762700534,1.6386293880274985,0.0,0.0,0.0,0.0,0.0,0.0,0.0,0.0,0.0,0.0,False
mlp_gauss_rep1,gaussian,test,horizon_channel,0.95,0.01,False,0.9624747474747475,1.1902645762700534,1.6386293880274985,0.0,0.0,0.0,0.0,0.0,0.0,0.0,0.0,0.0,0.0,False
mlp_gauss_rep1,gaussian,ood_test,channel,0.5,0.0001,False,0.21856870266165618,0.315312788307498,2.332903788188883,0.0,0.0,0.0,0.0,0.0,0.0,0.0,0.0,0.0,0.0,False
mlp_gauss_rep1,gaussian,ood_test,channel,0.5,0.001,True,0.21856870266165618,0.315312788307498,2.332903788188883,0.0,0.0,0.0,0.0,0.0,0.0,0.0,0.0,0.0,0.0,False
mlp_gauss_rep1,gaussian,ood_test,channel,0.5,0.01,False,0.21856870266165618,0.315312788307498,2.332903788188883,0.0,0.0,0.0,0.0,0.0,0.0,0.0,0.0,0.0,0.0,False
mlp_gauss_rep1,gaussian,ood_test,channel,0.8,0.0001,False,0.3951164677401559,0.6507490441902267,4.624260921922756,0.0,0.0,0.0,0.0,0.0,0.0,0.0,0.0,0.0,0.0,False
mlp_gauss_rep1,gaussian,ood_test,channel,0.8,0.001,True,0.3951164677401559,0.6507490441902267,4.624260921922756,0.0,0.0,0.0,0.0,0.0,0.0,0.0,0.0,0.0,0.0,False
mlp_gauss_rep1,gaussian,ood_test,channel,0.8,0.01,False,0.3951164677401559,0.6507490441902267,4.624260921922756,0.0,0.0,0.0,0.0,0.0,0.0,0.0,0.0,0.0,0.0,False
mlp_gauss_rep1,gaussian,ood_test,channel,0.9,0.0001,False,0.4934249109211628,0.8942061718275605,7.625564398351483,0.0,0.0,0.0,0.0,0.0,0.0,0.0,0.0,0.0,0.0,False
mlp_gauss_rep1,gaussian,ood_test,channel,0.9,0.001,True,0.4934249109211628,0.8942061718275605,7.625564398351483,0.0,0.0,0.0,0.0,0.0,0.0,0.0,0.0,0.0,0.0,False
mlp_gauss_rep1,gaussian,ood_test,channel,0.9,0.01,False,0.4934249109211628,0.8942061718275605,7.625564398351483,0.0,0.0,0.0,0.0,0.0,0.0,0.0,0.0,0.0,0.0,False
mlp_gauss_rep1,gaussian,ood_test,channel,0.95,0.0001,False,0.5758365622383613,1.1528788042596052,12.486393232581545,0.0,0.0,0.0,0.0,0.0,0.0,0.0,0.0,0.0,0.0,False
mlp_gauss_rep1,gaussian,ood_test,channel,0.95,0.001,True,0.5758365622383613,1.1528788042596052,12.486393232581545,0.0,0.0,0.0,0.0,0.0,0.0,0.0,0.0,0.0,0.0,False
mlp_gauss_rep1,gaussian,ood_test,channel,0.95,0.01,False,0.5758365622383613,1.1528788042596052,12.486393232581545,0.0,0.0,0.0,0.0,0.0,0.0,0.0,0.0,0.0,0.0,False
mlp_gauss_rep1,gaussian,ood_test,horizon_channel,0.5,0.0001,False,0.22128020405381724,0.3121826832217882,2.336283247442956,0.0,0.0,0.0,0.0,0.0,0.0,0.0,0.0,0.0,0.0,False
mlp_gauss_rep1,gaussian,ood_test,horizon_channel,0.5,0.001,True,0.22128020405381724,0.3121826832217882,2.336283247442956,0.0,0.0,0.0,0.0,0.0,0.0,0.0,0.0,0.0,0.0,False
mlp_gauss_rep1,gaussian,ood_test,horizon_channel,0.5,0.01,False,0.22128020405381724,0.3121826832217882,2.336283247442956,0.0,0.0,0.0,0.0,0.0,0.0,0.0,0.0,0.0,0.0,False
mlp_gauss_rep1,gaussian,ood_test,horizon_channel,0.8,0.0001,False,0.3957978153780253,0.6418963158305206,4.653378081090941,0.0,0.0,0.0,0.0,0.0,0.0,0.0,0.0,0.0,0.0,False
mlp_gauss_rep1,gaussian,ood_test,horizon_channel,0.8,0.001,True,0.3957978153780253,0.6418963158305206,4.653378081090941,0.0,0.0,0.0,0.0,0.0,0.0,0.0,0.0,0.0,0.0,False
mlp_gauss_rep1,gaussian,ood_test,horizon_channel,0.8,0.01,False,0.3957978153780253,0.6418963158305206,4.653378081090941,0.0,0.0,0.0,0.0,0.0,0.0,0.0,0.0,0.0,0.0,False
mlp_gauss_rep1,gaussian,ood_test,horizon_channel,0.9,0.0001,False,0.4923764091979984,0.8846956386862983,7.683138032326073,0.0,0.0,0.0,0.0,0.0,0.0,0.0,0.0,0.0,0.0,False
mlp_gauss_rep1,gaussian,ood_test,horizon_channel,0.9,0.001,True,0.4923764091979984,0.8846956386862983,7.683138032326073,0.0,0.0,0.0,0.0,0.0,0.0,0.0,0.0,0.0,0.0,False
mlp_gauss_rep1,gaussian,ood_test,horizon_channel,0.9,0.01,False,0.4923764091979984,0.8846956386862983,7.683138032326073,0.0,0.0,0.0,0.0,0.0,0.0,0.0,0.0,0.0,0.0,False
mlp_gauss_rep1,gaussian,ood_test,horizon_channel,0.95,0.0001,False,0.5754605164949993,1.1519701282854289,12.478631725846096,0.0,0.0,0.0,0.0,0.0,0.0,0.0,0.0,0.0,0.0,False
mlp_gauss_rep1,gaussian,ood_test,horizon_channel,0.95,0.001,True,0.5754605164949993,1.1519701282854289,12.478631725846096,0.0,0.0,0.0,0.0,0.0,0.0,0.0,0.0,0.0,0.0,False
mlp_gauss_rep1,gaussian,ood_test,horizon_channel,0.95,0.01,False,0.5754605164949993,1.1519701282854289,12.478631725846096,0.0,0.0,0.0,0.0,0.0,0.0,0.0,0.0,0.0,0.0,False
mlp_gauss_rep2,gaussian,test,channel,0.5,0.0001,False,0.6244657757701236,0.3155318898622971,0.6364809662619617,0.0,0.0,0.0,0.0,0.0,0.0,0.0,0.0,0.0,0.0,False
mlp_gauss_rep2,gaussian,test,channel,0.5,0.001,True,0.6244657757701236,0.3155318898622971,0.6364809662619617,0.0,0.0,0.0,0.0,0.0,0.0,0.0,0.0,0.0,0.0,False
mlp_gauss_rep2,gaussian,test,channel,0.5,0.01,False,0.6244657757701236,0.3155318898622971,0.6364809662619617,0.0,0.0,0.0,0.0,0.0,0.0,0.0,0.0,0.0,0.0,False
mlp_gauss_rep2,gaussian,test,channel,0.8,0.0001,False,0.8558859401468097,0.6455388156101656,1.0081123802555891,0.0,0.0,0.0,0.0,0.0,0.0,0.0,0.0,0.0,0.0,False
mlp_gauss_rep2,gaussian,test,channel,0.8,0.001,True,0.8558859401468097,0.6455388156101656,1.0081123802555891,0.0,0.0,0.0,0.0,0.0,0.0,0.0,0.0,0.0,0.0,False
mlp_gauss_rep2,gaussian,test,channel,0.8,0.01,False,0.8558859401468097,0.6455388156101656,1.0081123802555891,0.0,0.0,0.0,0.0,0.0,0.0,0.0,0.0,0.0,0.0,False
mlp_gauss_rep2,gaussian,test,channel,0.9,0.0001,False,0.9261990714599411,0.8887094468884525,1.3133421682616153,0.0,0.0,0.0,0.0,0.0,0.0,0.0,0.0,0.0,0.0,False
mlp_gauss_rep2,gaussian,test,channel,0.9,0.001,True,0.9261990714599411,0.8887094468884525,1.3133421682616153,0.0,0.0,0.0,0.0,0.0,0.0,0.0,0.0,0.0,0.0,False
mlp_gauss_rep2,gaussian,test,channel,0.9,0.01,False,0.9261990714599411,0.8887094468884525,1.3133421682616153,0.0,0.0,0.0,0.0,0.0,0.0,0.0,0.0,0.0,0.0,False
mlp_gauss_rep2,gaussian,test,channel,0.95,0.0001,False,0.9614091222786875,1.1490303899195982,1.6503466952694303,0.0,0.0,0.0,0.0,0.0,0.0,0.0,0.0,0.0,0.0,False
mlp_gauss_rep2,gaussian,test,channel,0.95,0.001,True,0.9614091222786875,1.1490303899195982,1.6503466952694303,0.0,0.0,0.0,0.0,0.0,0.0,0.0,0.0,0.0,0.0,False
mlp_gauss_rep2,gaussian,test,channel,0.95,0.01,False,0.9614091222786875,1.1490303899195982,1.6503466952694303,0.0,0.0,0.0,0.0,0.0,0.0,0.0,0.0,0.0,0.0,False
mlp_gauss_rep2,gaussian,test,horizon_channel,0.5,0.0001,False,0.6245487169834996,0.3130286184443588,0.6359280028111355,0.0,0.0,0.0,0.0,0.0,0.0,0.0,0.0,0.0,0.0,False
mlp_gauss_rep2,gaussian,test,horizon_channel,0.5,0.001,True,0.6245487169834996,0.3130286184443588,0.6359280028111355,0.0,0.0,0.0,0.0,0.0,0.0,0.0,0.0,0.0,0.0,False
mlp_gauss_rep2,gaussian,test,horizon_channel,0.5,0.01,False,0.6245487169834996,0.3130286184443588,0.6359280028111355,0.0,0.0,0.0,0.0,0.0,0.0,0.0,0.0,0.0,0.0,False
mlp_gauss_rep2,gaussian,test,horizon_channel,0.8,0.0001,False,0.8560348829914047,0.6397899787337699,1.006787131542,0.0,0.0,0.0,0.0,0.0,0.0,0.0,0.0,0.0,0.0,False
mlp_gauss_rep2,gaussian,test,horizon_channel,0.8,0.001,True,0.8560348829914047,0.6397899787337699,1.006787131542,0.0,0.0,0.0,0.0,0.0,0.0,0.0,0.0,0.0,0.0,False
mlp_gauss_rep2,gaussian,test,horizon_channel,0.8,0.01,False,0.8560348829914047,0.6397899787337699,1.006787131542,0.0,0.0,0.0,0.0,0.0,0.0,0.0,0.0,0.0,0.0,False
mlp_gauss_rep2,gaussian,test,horizon_channel,0.9,0.0001,False,0.9269064558629776,0.8888782576977008,1.3112797785201011,0.0,0.0,0.0,0.0,0.0,0.0,0.0,0.0,0.0,0.0,False
mlp_gauss_rep2,gaussian,test,horizon_channel,0.9,0.001,True,0.9269064558629776,0.8888782576977008,1.3112797785201011,0.0,0.0,0.0,0.0,0.0,0.0,0.0,0.0,0.0,0.0,False
mlp_gauss_rep2,gaussian,test,horizon_channel,0.9,0.01,False,0.9269064558629776,0.8888782576977008,1.3112797785201011,0.0,0.0,0.0,0.0,0.0,0.0,0.0,0.0,0.0,0.0,False
mlp_gauss_rep2,gaussian,test,horizon_channel,0.95,0.0001,False,0.9624823389171215,1.1620494870758962,1.6432068807097402,0.0,0.0,0.0,0.0,0.0,0.0,0.0,0.0,0.0,0.0,False
mlp_gauss_rep2,gaussian,test,horizon_channel,0.95,0.001,True,0.9624823389171215,1.1620494870758962,1.6432068807097402,0.0,0.0,0.0,0.0,0.0,0.0,0.0,0.0,0.0,0.0,False
mlp_gauss_rep2,gaussian,test,horizon_channel,0.95,0.01,False,0.9624823389171215,1.1620494870758962,1.6432068807097402,0.0,0.0,0.0,0.0,0.0,0.0,0.0,0.0,0.0,0.0,False
mlp_gauss_rep2,gaussian,ood_test,channel,0.5,0.0001,False,0.22860524283312889,0.3315303669098716,2.344932373906912,0.0,0.0,0.0,0.0,0.0,0.0,0.0,0.0,0.0,0.0,False
mlp_gauss_rep2,gaussian,ood_test,channel,0.5,0.001,True,0.22860524283312889,0.3315303669098716,2.344932373906912,0.0,0.0,0.0,0.0,0.0,0.0,0.0,0.0,0.0,0.0,False
mlp_gauss_rep2,gaussian,ood_test,channel,0.5,0.01,False,0.22860524283312889,0.3315303669098716,2.344932373906912,0.0,0.0,0.0,0.0,0.0,0.0,0.0,0.0,0.0,0.0,False
mlp_gauss_rep2,gaussian,ood_test,channel,0.8,0.0001,False,0.40789527314264945,0.6776780293601321,4.620395854891115,0.0,0.0,0.0,0.0,0.0,0.0,0.0,0.0,0.0,0.0,False
mlp_gauss_rep2,gaussian,ood_test,channel,0.8,0.001,True,0.40789527314264945,0.6776780293601321,4.620395854891115,0.0,0.0,0.0,0.0,0.0,0.0,0.0,0.0,0.0,0.0,False
mlp_gauss_rep2,gaussian,ood_test,channel,0.8,0.01,False,0.40789527314264945,0.6776780293601321,4.620395854891115,0.0,0.0,0.0,0.0,0.0,0.0,0.0,0.0,0.0,0.0,False
mlp_gauss_rep2,gaussian,ood_test,channel,0.9,0.0001,False,0.5073411346274914,0.933101221189992,7.571405577836593,0.0,0.0,0.0,0.0,0.0,0.0,0.0,0.0,0.0,0.0,False
mlp_gauss_rep2,gaussian,ood_test,channel,0.9,0.001,True,0.5073411346274914,0.933101221189992,7.571405577836593,0.0,0.0,0.0,0.0,0.0,0.0,0.0,0.0,0.0,0.0,False
mlp_gauss_rep2,gaussian,ood_test,channel,0.9,0.01,False,0.5073411346274914,0.933101221189992,7.571405577836593,0.0,0.0,0.0,0.0,0.0,0.0,0.0,0.0,0.0,0.0,False
mlp_gauss_rep2,gaussian,ood_test,channel,0.95,0.0001,False,0.5903084172199614,1.206936690858088,12.305272328670714,0.0,0.0,0.0,0.0,0.0,0.0,0.0,0.0,0.0,0.0,False
mlp_gauss_rep2,gaussian,ood_test,channel,0.95,0.001,True,0.5903084172199614,1.206936690858088,12.305272328670714,0.0,0.0,0.0,0.0,0.0,0.0,0.0,0.0,0.0,0.0,False
mlp_gauss_rep2,gaussian,ood_test,channel,0.95,0.01,False,0.5903084172199614,1.206936690858088,12.305272328670714,0.0,0.0,0.0,0.0,0.0,0.0,0.0,0.0,0.0,0.0,False
mlp_gauss_rep2,gaussian,ood_test,horizon_channel,0.5,0.0001,False,0.2309828202781726,0.32907998324442844,2.3476723389801935,0.0,0.0,0.0,0.0,0.0,0.0,0.0,0.0,0.0,0.0,False
mlp_gauss_rep2,gaussian,ood_test,horizon_channel,0.5,0.001,True,0.2309828202781726,0.32907998324442844,2.3476723389801935,0.0,0.0,0.0,0.0,0.0,0.0,0.0,0.0,0.0,0.0,False
mlp_gauss_rep2,gaussian,ood_test,horizon_channel,0.5,0.01,False,0.2309828202781726,0.32907998324442844,2.3476723389801935,0.0,0.0,0.0,0.0,0.0,0.0,0.0,0.0,0.0,0.0,False
mlp_gauss_rep2,gaussian,ood_test,horizon_channel,0.8,0.0001,False,0.40813002589614283,0.6716576907748609,4.639344138776079,0.0,0.0,0.0,0.0,0.0,0.0,0.0,0.0,0.0,0.0,False
mlp_gauss_rep2,gaussian,ood_test,horizon_channel,0.8,0.001,True,0.40813002589614283,0.6716576907748609,4.639344138776079,0.0,0.0,0.0,0.0,0.0,0.0,0.0,0.0,0.0,0.0,False
mlp_gauss_rep2,gaussian,ood_test,horizon_channel,0.8,0.01,False,0.40813002589614283,0.6716576907748609,4.639344138776079,0.0,0.0,0.0,0.0,0.0,0.0,0.0,0.0,0.0,0.0,False
mlp_gauss_rep2,gaussian,ood_test,horizon_channel,0.9,0.0001,False,0.5072449489540943,0.9329985900417208,7.567391481399001,0.0,0.0,0.0,0.0,0.0,0.0,0.0,0.0,0.0,0.0,False
mlp_gauss_rep2,gaussian,ood_test,horizon_channel,0.9,0.001,True,0.5072449489540943,0.9329985900417208,7.567391481399001,0.0,0.0,0.0,0.0,0.0,0.0,0.0,0.0,0.0,0.0,False
mlp_gauss_rep2,gaussian,ood_test,horizon_channel,0.9,0.01,False,0.5072449489540943,0.9329985900417208,7.567391481399001,0.0,0.0,0.0,0.0,0.0,0.0,0.0,0.0,0.0,0.0,False
mlp_gauss_rep2,gaussian,ood_test,horizon_channel,0.95,0.0001,False,0.5914480422126599,1.2199630691035257,12.150784859437746,0.0,0.0,0.0,0.0,0.0,0.0,0.0,0.0,0.0,0.0,False
mlp_gauss_rep2,gaussian,ood_test,horizon_channel,0.95,0.001,True,0.5914480422126599,1.2199630691035257,12.150784859437746,0.0,0.0,0.0,0.0,0.0,0.0,0.0,0.0,0.0,0.0,False
mlp_gauss_rep2,gaussian,ood_test,horizon_channel,0.95,0.01,False,0.5914480422126599,1.2199630691035257,12.150784859437746,0.0,0.0,0.0,0.0,0.0,0.0,0.0,0.0,0.0,0.0,False
mlp_mcd_rep0,mc_dropout,test,channel,0.5,0.0001,False,0.6309973649538867,0.32093539623590306,0.6840466813798003,0.0,0.0,0.0,0.0,0.0,0.0,0.0,0.0,0.0,0.0,False
mlp_mcd_rep0,mc_dropout,test,channel,0.5,0.001,True,0.6309973649538867,0.32093539623590306,0.6840466813798003,0.0,0.0,0.0,0.0,0.0,0.0,0.0,0.0,0.0,0.0,False
mlp_mcd_rep0,mc_dropout,test,channel,0.5,0.01,False,0.6309973649538867,0.32093539623590306,0.6840466813798003,0.0,0.0,0.0,0.0,0.0,0.0,0.0,0.0,0.0,0.0,False
mlp_mcd_rep0,mc_dropout,test,channel,0.8,0.0001,False,0.8629500596022335,0.7700948195596544,1.2017960095497222,0.0,0.0,0.0,0.0,0.0,0.0,0.0,0.0,0.0,0.0,False
mlp_mcd_rep0,mc_dropout,test,channel,0.8,0.001,True,0.8629500596022335,0.7700948195596544,1.2017960095497222,0.0,0.0,0.0,0.0,0.0,0.0,0.0,0.0,0.0,0.0,False
mlp_mcd_rep0,mc_dropout,test,channel,0.8,0.01,False,0.8629500596022335,0.7700948195596544,1.2017960095497222,0.0,0.0,0.0,0.0,0.0,0.0,0.0,0.0,0.0,0.0,False
mlp_mcd_rep0,mc_dropout,test,channel,0.9,0.0001,False,0.9304606311562833,1.1674797465007323,1.6742416383965586,0.0,0.0,0.0,0.0,0.0,0.0,0.0,0.0,0.0,0.0,False
mlp_mcd_rep0,mc_dropout,test,channel,0.9,0.001,True,0.9304606311562833,1.1674797465007323,1.6742416383965586,0.0,0.0,0.0,0.0,0.0,0.0,0.0,0.0,0.0,0.0,False
mlp_mcd_rep0,mc_dropout,test,channel,0.9,0.01,False,0.9304606311562833,1.1674797465007323,1.6742416383965586,0.0,0.0,0.0,0.0,0.0,0.0,0.0,0.0,0.0,0.0,False
mlp_mcd_rep0,mc_dropout,test,channel,0.95,0.0001,False,0.9643276868059477,1.6361751410830656,2.2394869915651805,0.0,0.0,0.0,0.0,0.0,0.0,0.0,0.0,0.0,0.0,False
mlp_mcd_rep0,mc_dropout,test,channel,0.95,0.001,True,0.9643276868059477,1.6361751410830656,2.2394869915651805,0.0,0.0,0.0,0.0,0.0,0.0,0.0,0.0,0.0,0.0,False
mlp_mcd_rep0,mc_dropout,test,channel,0.95,0.01,False,0.9643276868059477,1.6361751410830656,2.2394869915651805,0.0,0.0,0.0,0.0,0.0,0.0,0.0,0.0,0.0,0.0,False
mlp_mcd_rep0,mc_dropout,test,horizon_channel,0.5,0.0001,False,0.6327827969132317,0.3176244064003018,0.6664394114609349,0.0,0.0,0.0,0.0,0.0,0.0,0.0,0.0,0.0,0.0,False
mlp_mcd_rep0,mc_dropout,test,horizon_channel,0.5,0.001,True,0.6327827969132317,0.3176244064003018,0.6664394114609349,0.0,0.0,0.0,0.0,0.0,0.0,0.0,0.0,0.0,0.0,False
mlp_mcd_rep0,mc_dropout,test,horizon_channel,0.5,0.01,False,0.6327827969132317,0.3176244064003018,0.6664394114609349,0.0,0.0,0.0,0.0,0.0,0.0,0.0,0.0,0.0,0.0,False
mlp_mcd_rep0,mc_dropout,test,horizon_channel,0.8,0.0001,False,0.8640499403977665,0.7040600960136303,1.108711911730428,0.0,0.0,0.0,0.0,0.0,0.0,0.0,0.0,0.0,0.0,False
mlp_mcd_rep0,mc_dropout,test,horizon_channel,0.8,0.001,True,0.8640499403977665,0.7040600960136303,1.108711911730428,0.0,0.0,0.0,0.0,0.0,0.0,0.0,0.0,0.0,0.0,False
mlp_mcd_rep0,mc_dropout,test,horizon_channel,0.8,0.01,False,0.8640499403977665,0.7040600960136303,1.108711911730428,0.0,0.0,0.0,0.0,0.0,0.0,0.0,0.0,0.0,0.0,False
mlp_mcd_rep0,mc_dropout,test,horizon_channel,0.9,0.0001,False,0.9317984817115252,1.021519056106793,1.4920713053001293,0.0,0.0,0.0,0.0,0.0,0.0,0.0,0.0,0.0,0.0,False
mlp_mcd_rep0,mc_dropout,test,horizon_channel,0.9,0.001,True,0.9317984817115252,1.021519056106793,1.4920713053001293,0.0,0.0,0.0,0.0,0.0,0.0,0.0,0.0,0.0,0.0,False
mlp_mcd_rep0,mc_dropout,test,horizon_channel,0.9,0.01,False,0.9317984817115252,1.021519056106793,1.4920713053001293,0.0,0.0,0.0,0.0,0.0,0.0,0.0,0.0,0.0,0.0,False
mlp_mcd_rep0,mc_dropout,test,horizon_channel,0.95,0.0001,False,0.966062739193174,1.3998312451512038,1.9425034195815054,0.0,0.0,0.0,0.0,0.0,0.0,0.0,0.0,0.0,0.0,False
mlp_mcd_rep0,mc_dropout,test,horizon_channel,0.95,0.001,True,0.966062739193174,1.3998312451512038,1.9425034195815054,0.0,0.0,0.0,0.0,0.0,0.0,0.0,0.0,0.0,0.0,False
mlp_mcd_rep0,mc_dropout,test,horizon_channel,0.95,0.01,False,0.966062739193174,1.3998312451512038,1.9425034195815054,0.0,0.0,0.0,0.0,0.0,0.0,0.0,0.0,0.0,0.0,False
mlp_mcd_rep0,mc_dropout,ood_test,channel,0.5,0.0001,False,0.3613721710573285,0.592584548355261,2.313864143709044,0.0,0.0,0.0,0.0,0.0,0.0,0.0,0.0,0.0,0.0,False
mlp_mcd_rep0,mc_dropout,ood_test,channel,0.5,0.001,True,0.3613721710573285,0.592584548355261,2.313864143709044,0.0,0.0,0.0,0.0,0.0,0.0,0.0,0.0,0.0,0.0,False
mlp_mcd_rep0,mc_dropout,ood_test,channel,0.5,0.01,False,0.3613721710573285,0.592584548355261,2.313864143709044,0.0,0.0,0.0,0.0,0.0,0.0,0.0,0.0,0.0,0.0,False
mlp_mcd_rep0,mc_dropout,ood_test,channel,0.8,0.0001,False,0.6183205150671418,1.402302475028425,4.038680572203471,0.0,0.0,0.0,0.0,0.0,0.0,0.0,0.0,0.0,0.0,False
mlp_mcd_rep0,mc_dropout,ood_test,channel,0.8,0.001,True,0.6183205150671418,1.402302475028425,4.038680572203471,0.0,0.0,0.0,0.0,0.0,0.0,0.0,0.0,0.0,0.0,False
mlp_mcd_rep0,mc_dropout,ood_test,channel,0.8,0.01,False,0.6183205150671418,1.402302475028425,4.038680572203471,0.0,0.0,0.0,0.0,0.0,0.0,0.0,0.0,0.0,0.0,False
mlp_mcd_rep0,mc_dropout,ood_test,channel,0.9,0.0001,False,0.7411180124223602,2.116470138970113,5.74188346502712,0.0,0.0,0.0,0.0,0.0,0.0,0.0,0.0,0.0,0.0,False
mlp_mcd_rep0,mc_dropout,ood_test,channel,0.9,0.001,True,0.7411180124223602,2.116470138970113,5.74188346502712,0.0,0.0,0.0,0.0,0.0,0.0,0.0,0.0,0.0,0.0,False
mlp_mcd_rep0,mc_dropout,ood_test,channel,0.9,0.01,False,0.7411180124223602,2.116470138970113,5.74188346502712,0.0,0.0,0.0,0.0,0.0,0.0,0.0,0.0,0.0,0.0,False
mlp_mcd_rep0,mc_dropout,ood_test,channel,0.95,0.0001,False,0.8298261908007035,2.9675395981569674,7.748921693958647,0.0,0.0,0.0,0.0,0.0,0.0,0.0,0.0,0.0,0.0,False
mlp_mcd_rep0,mc_dropout,ood_test,channel,0.95,0.001,True,0.8298261908007035,2.9675395981569674,7.748921693958647,0.0,0.0,0.0,0.0,0.0,0.0,0.0,0.0,0.0,0.0,False
mlp_mcd_rep0,mc_dropout,ood_test,channel,0.95,0.01,False,0.8298261908007035,2.9675395981569674,7.748921693958647,0.0,0.0,0.0,0.0,0.0,0.0,0.0,0.0,0.0,0.0,False
mlp_mcd_rep0,mc_dropout,ood_test,horizon_channel,0.5,0.0001,False,0.3553756887789871,0.5926263039401793,2.2772650777666805,0.0,0.0,0.0,0.0,0.0,0.0,0.0,0.0,0.0,0.0,False
mlp_mcd_rep0,mc_dropout,ood_test,horizon_channel,0.5,0.001,True,0.3553756887789871,0.5926263039401793,2.2772650777666805,0.0,0.0,0.0,0.0,0.0,0.0,0.0,0.0,0.0,0.0,False
mlp_mcd_rep0,mc_dropout,ood_test,horizon_channel,0.5,0.01,False,0.3553756887789871,0.5926263039401793,2.2772650777666805,0.0,0.0,0.0,0.0,0.0,0.0,0.0,0.0,0.0,0.0,False
mlp_mcd_rep0,mc_dropout,ood_test,horizon_channel,0.8,0.0001,False,0.6150408561952789,1.3070600950143039,3.840552665859518,0.0,0.0,0.0,0.0,0.0,0.0,0.0,0.0,0.0,0.0,False
mlp_mcd_rep0,mc_dropout,ood_test,horizon_channel,0.8,0.001,True,0.6150408561952789,1.3070600950143039,3.840552665859518,0.0,0.0,0.0,0.0,0.0,0.0,0.0,0.0,0.0,0.0,False
mlp_mcd_rep0,mc_dropout,ood_test,horizon_channel,0.8,0.01,False,0.6150408561952789,1.3070600950143039,3.840552665859518,0.0,0.0,0.0,0.0,0.0,0.0,0.0,0.0,0.0,0.0,False
mlp_mcd_rep0,mc_dropout,ood_test,horizon_channel,0.9,0.0001,False,0.7423022255106213,1.8970562631320391,5.304876410341315,0.0,0.0,0.0,0.0,0.0,0.0,0.0,0.0,0.0,0.0,False
mlp_mcd_rep0,mc_dropout,ood_test,horizon_channel,0.9,0.001,True,0.7423022255106213,1.8970562631320391,5.304876410341315,0.0,0.0,0.0,0.0,0.0,0.0,0.0,0.0,0.0,0.0,False
mlp_mcd_rep0,mc_dropout,ood_test,horizon_channel,0.9,0.01,False,0.7423022255106213,1.8970562631320391,5.304876410341315,0.0,0.0,0.0,0.0,0.0,0.0,0.0,0.0,0.0,0.0,False
mlp_mcd_rep0,mc_dropout,ood_test,horizon_channel,0.95,0.0001,False,0.8368348293385774,2.619363455029025,6.773061756807517,0.0,0.0,0.0,0.0,0.0,0.0,0.0,0.0,0.0,0.0,False
mlp_mcd_rep0,mc_dropout,ood_test,horizon_channel,0.95,0.001,True,0.8368348293385774,2.619363455029025,6.773061756807517,0.0,0.0,0.0,0.0,0.0,0.0,0.0,0.0,0.0,0.0,False
mlp_mcd_rep0,mc_dropout,ood_test,horizon_channel,0.95,0.01,False,0.8368348293385774,2.619363455029025,6.773061756807517,0.0,0.0,0.0,0.0,0.0,0.0,0.0,0.0,0.0,0.0,False
mlp_mcd_rep1,mc_dropout,test,channel,0.5,0.0001,False,0.6213781918564527,0.3256383659452905,0.6865085623558627,0.0,0.0,0.0,0.0,0.0,0.0,0.0,0.0,0.0,0.0,False
mlp_mcd_rep1,mc_dropout,test,channel,0.5,0.001,True,0.6213781918564527,0.3256383659452905,0.6865085623558627,0.0,0.0,0.0,0.0,0.0,0.0,0.0,0.0,0.0,0.0,False
mlp_mcd_rep1,mc_dropout,test,channel,0.5,0.01,False,0.6213781918564527,0.3256383659452905,0.6865085623558627,0.0,0.0,0.0,0.0,0.0,0.0,0.0,0.0,0.0,0.0,False
mlp_mcd_rep1,mc_dropout,test,channel,0.8,0.0001,False,0.8610463015245624,0.7763199331033193,1.1932120078618458,0.0,0.0,0.0,0.0,0.0,0.0,0.0,0.0,0.0,0.0,False
mlp_mcd_rep1,mc_dropout,test,channel,0.8,0.001,True,0.8610463015245624,0.7763199331033193,1.1932120078618458,0.0,0.0,0.0,0.0,0.0,0.0,0.0,0.0,0.0,0.0,False
mlp_mcd_rep1,mc_dropout,test,channel,0.8,0.01,False,0.8610463015245624,0.7763199331033193,1.1932120078618458,0.0,0.0,0.0,0.0,0.0,0.0,0.0,0.0,0.0,0.0,False
mlp_mcd_rep1,mc_dropout,test,channel,0.9,0.0001,False,0.9305922579835624,1.1731735002495007,1.6533338103268087,0.0,0.0,0.0,0.0,0.0,0.0,0.0,0.0,0.0,0.0,False
mlp_mcd_rep1,mc_dropout,test,channel,0.9,0.001,True,0.9305922579835624,1.1731735002495007,1.6533338103268087,0.0,0.0,0.0,0.0,0.0,0.0,0.0,0.0,0.0,0.0,False
mlp_mcd_rep1,mc_dropout,test,channel,0.9,0.01,False,0.9305922579835624,1.1731735002495007,1.6533338103268087,0.0,0.0,0.0,0.0,0.0,0.0,0.0,0.0,0.0,0.0,False
mlp_mcd_rep1,mc_dropout,test,channel,0.95,0.0001,False,0.9643049124788255,1.6362651834758157,2.19773855438178,0.0,0.0,0.0,0.0,0.0,0.0,0.0,0.0,0.0,0.0,False
mlp_mcd_rep1,mc_dropout,test,channel,0.95,0.001,True,0.9643049124788255,1.6362651834758157,2.19773855438178,0.0,0.0,0.0,0.0,0.0,0.0,0.0,0.0,0.0,0.0,False
mlp_mcd_rep1,mc_dropout,test,channel,0.95,0.01,False,0.9643049124788255,1.6362651834758157,2.19773855438178,0.0,0.0,0.0,0.0,0.0,0.0,0.0,0.0,0.0,0.0,False
mlp_mcd_rep1,mc_dropout,test,horizon_channel,0.5,0.0001,False,0.622994604429387,0.32473747246902845,0.6703921130540881,0.0,0.0,0.0,0.0,0.0,0.0,0.0,0.0,0.0,0.0,False
mlp_mcd_rep1,mc_dropout,test,horizon_channel,0.5,0.001,True,0.622994604429387,0.32473747246902845,0.6703921130540881,0.0,0.0,0.0,0.0,0.0,0.0,0.0,0.0,0.0,0.0,False
mlp_mcd_rep1,mc_dropout,test,horizon_channel,0.5,0.01,False,0.622994604429387,0.32473747246902845,0.6703921130540881,0.0,0.0,0.0,0.0,0.0,0.0,0.0,0.0,0.0,0.0,False
mlp_mcd_rep1,mc_dropout,test,horizon_channel,0.8,0.0001,False,0.8620186962795658,0.717090225342538,1.1086222855439472,0.0,0.0,0.0,0.0,0.0,0.0,0.0,0.0,0.0,0.0,False
mlp_mcd_rep1,mc_dropout,test,horizon_channel,0.8,0.001,True,0.8620186962795658,0.717090225342538,1.1086222855439472,0.0,0.0,0.0,0.0,0.0,0.0,0.0,0.0,0.0,0.0,False
mlp_mcd_rep1,mc_dropout,test,horizon_channel,0.8,0.01,False,0.8620186962795658,0.717090225342538,1.1086222855439472,0.0,0.0,0.0,0.0,0.0,0.0,0.0,0.0,0.0,0.0,False
mlp_mcd_rep1,mc_dropout,test,horizon_channel,0.9,0.0001,False,0.9313886693017128,1.0396953620271767,1.4872370302715772,0.0,0.0,0.0,0.0,0.0,0.0,0.0,0.0,0.0,0.0,False
mlp_mcd_rep1,mc_dropout,test,horizon_channel,0.9,0.001,True,0.9313886693017128,1.0396953620271767,1.4872370302715772,0.0,0.0,0.0,0.0,0.0,0.0,0.0,0.0,0.0,0.0,False
mlp_mcd_rep1,mc_dropout,test,horizon_channel,0.9,0.01,False,0.9313886693017128,1.0396953620271767,1.4872370302715772,0.0,0.0,0.0,0.0,0.0,0.0,0.0,0.0,0.0,0.0,False
mlp_mcd_rep1,mc_dropout,test,horizon_channel,0.95,0.0001,False,0.9656887508626639,1.417170481079448,1.9275646880631399,0.0,0.0,0.0,0.0,0.0,0.0,0.0,0.0,0.0,0.0,False
mlp_mcd_rep1,mc_dropout,test,horizon_channel,0.95,0.001,True,0.9656887508626639,1.417170481079448,1.9275646880631399,0.0,0.0,0.0,0.0,0.0,0.0,0.0,0.0,0.0,0.0,False
mlp_mcd_rep1,mc_dropout,test,horizon_channel,0.95,0.01,False,0.9656887508626639,1.417170481079448,1.9275646880631399,0.0,0.0,0.0,0.0,0.0,0.0,0.0,0.0,0.0,0.0,False
mlp_mcd_rep1,mc_dropout,ood_test,channel,0.5,0.0001,False,0.3571102111282021,0.5844014581500265,2.3099478556398303,0.0,0.0,0.0,0.0,0.0,0.0,0.0,0.0,0.0,0.0,False
mlp_mcd_rep1,mc_dropout,ood_test,channel,0.5,0.001,True,0.3571102111282021,0.5844014581500265,2.3099478556398303,0.0,0.0,0.0,0.0,0.0,0.0,0.0,0.0,0.0,0.0,False
mlp_mcd_rep1,mc_dropout,ood_test,channel,0.5,0.01,False,0.3571102111282021,0.5844014581500265,2.3099478556398303,0.0,0.0,0.0,0.0,0.0,0.0,0.0,0.0,0.0,0.0,False
mlp_mcd_rep1,mc_dropout,ood_test,channel,0.8,0.0001,False,0.6153736767979646,1.3725035067763751,4.033256704955997,0.0,0.0,0.0,0.0,0.0,0.0,0.0,0.0,0.0,0.0,False
mlp_mcd_rep1,mc_dropout,ood_test,channel,0.8,0.001,True,0.6153736767979646,1.3725035067763751,4.033256704955997,0.0,0.0,0.0,0.0,0.0,0.0,0.0,0.0,0.0,0.0,False
mlp_mcd_rep1,mc_dropout,ood_test,channel,0.8,0.01,False,0.6153736767979646,1.3725035067763751,4.033256704955997,0.0,0.0,0.0,0.0,0.0,0.0,0.0,0.0,0.0,0.0,False
mlp_mcd_rep1,mc_dropout,ood_test,channel,0.9,0.0001,False,0.7395131005925608,2.065983446116803,5.729012945172914,0.0,0.0,0.0,0.0,0.0,0.0,0.0,0.0,0.0,0.0,False
mlp_mcd_rep1,mc_dropout,ood_test,channel,0.9,0.001,True,0.7395131005925608,2.065983446116803,5.729012945172914,0.0,0.0,0.0,0.0,0.0,0.0,0.0,0.0,0.0,0.0,False
mlp_mcd_rep1,mc_dropout,ood_test,channel,0.9,0.01,False,0.7395131005925608,2.065983446116803,5.729012945172914,0.0,0.0,0.0,0.0,0.0,0.0,0.0,0.0,0.0,0.0,False
mlp_mcd_rep1,mc_dropout,ood_test,channel,0.95,0.0001,False,0.8282561965770362,2.8841334752199415,7.725879710642093,0.0,0.0,0.0,0.0,0.0,0.0,0.0,0.0,0.0,0.0,False
mlp_mcd_rep1,mc_dropout,ood_test,channel,0.95,0.001,True,0.8282561965770362,2.8841334752199415,7.725879710642093,0.0,0.0,0.0,0.0,0.0,0.0,0.0,0.0,0.0,0.0,False
mlp_mcd_rep1,mc_dropout,ood_test,channel,0.95,0.01,False,0.8282561965770362,2.8841334752199415,7.725879710642093,0.0,0.0,0.0,0.0,0.0,0.0,0.0,0.0,0.0,0.0,False
mlp_mcd_rep1,mc_dropout,ood_test,horizon_channel,0.5,0.0001,False,0.3513501690713085,0.5874751497643641,2.2799518807291843,0.0,0.0,0.0,0.0,0.0,0.0,0.0,0.0,0.0,0.0,False
mlp_mcd_rep1,mc_dropout,ood_test,horizon_channel,0.5,0.001,True,0.3513501690713085,0.5874751497643641,2.2799518807291843,0.0,0.0,0.0,0.0,0.0,0.0,0.0,0.0,0.0,0.0,False
mlp_mcd_rep1,mc_dropout,ood_test,horizon_channel,0.5,0.01,False,0.3513501690713085,0.5874751497643641,2.2799518807291843,0.0,0.0,0.0,0.0,0.0,0.0,0.0,0.0,0.0,0.0,False
mlp_mcd_rep1,mc_dropout,ood_test,horizon_channel,0.8,0.0001,False,0.6100980029465787,1.2899203303142122,3.867329299313495,0.0,0.0,0.0,0.0,0.0,0.0,0.0,0.0,0.0,0.0,False
mlp_mcd_rep1,mc_dropout,ood_test,horizon_channel,0.8,0.001,True,0.6100980029465787,1.2899203303142122,3.867329299313495,0.0,0.0,0.0,0.0,0.0,0.0,0.0,0.0,0.0,0.0,False
mlp_mcd_rep1,mc_dropout,ood_test,horizon_channel,0.8,0.01,False,0.6100980029465787,1.2899203303142122,3.867329299313495,0.0,0.0,0.0,0.0,0.0,0.0,0.0,0.0,0.0,0.0,False
mlp_mcd_rep1,mc_dropout,ood_test,horizon_channel,0.9,0.0001,False,0.7379559570863918,1.8726362387857953,5.344175586376943,0.0,0.0,0.0,0.0,0.0,0.0,0.0,0.0,0.0,0.0,False
mlp_mcd_rep1,mc_dropout,ood_test,horizon_channel,0.9,0.001,True,0.7379559570863918,1.8726362387857953,5.344175586376943,0.0,0.0,0.0,0.0,0.0,0.0,0.0,0.0,0.0,0.0,False
mlp_mcd_rep1,mc_dropout,ood_test,horizon_channel,0.9,0.01,False,0.7379559570863918,1.8726362387857953,5.344175586376943,0.0,0.0,0.0,0.0,0.0,0.0,0.0,0.0,0.0,0.0,False
mlp_mcd_rep1,mc_dropout,ood_test,horizon_channel,0.95,0.0001,False,0.8334354251445706,2.571979074465145,6.838500872233301,0.0,0.0,0.0,0.0,0.0,0.0,0.0,0.0,0.0,0.0,False
mlp_mcd_rep1,mc_dropout,ood_test,horizon_channel,0.95,0.001,True,0.8334354251445706,2.571979074465145,6.838500872233301,0.0,0.0,0.0,0.0,0.0,0.0,0.0,0.0,0.0,0.0,False
mlp_mcd_rep1,mc_dropout,ood_test,horizon_channel,0.95,0.01,False,0.8334354251445706,2.571979074465145,6.838500872233301,0.0,0.0,0.0,0.0,0.0,0.0,0.0,0.0,0.0,0.0,False
mlp_mcd_rep2,mc_dropout,test,channel,0.5,0.0001,False,0.623546709329318,0.3226478932928437,0.6889392774130345,0.0,0.0,0.0,0.0,0.0,0.0,0.0,0.0,0.0,0.0,False
mlp_mcd_rep2,mc_dropout,test,channel,0.5,0.001,True,0.623546709329318,0.3226478932928437,0.6889392774130345,0.0,0.0,0.0,0.0,0.0,0.0,0.0,0.0,0.0,0.0,False
mlp_mcd_rep2,mc_dropout,test,channel,0.5,0.01,False,0.623546709329318,0.3226478932928437,0.6889392774130345,0.0,0.0,0.0,0.0,0.0,0.0,0.0,0.0,0.0,0.0,False
mlp_mcd_rep2,mc_dropout,test,channel,0.8,0.0001,False,0.8617549407114624,0.7749355650060885,1.2084286598130114,0.0,0.0,0.0,0.0,0.0,0.0,0.0,0.0,0.0,0.0,False
mlp_mcd_rep2,mc_dropout,test,channel,0.8,0.001,True,0.8617549407114624,0.7749355650060885,1.2084286598130114,0.0,0.0,0.0,0.0,0.0,0.0,0.0,0.0,0.0,0.0,False
mlp_mcd_rep2,mc_dropout,test,channel,0.8,0.01,False,0.8617549407114624,0.7749355650060885,1.2084286598130114,0.0,0.0,0.0,0.0,0.0,0.0,0.0,0.0,0.0,0.0,False
mlp_mcd_rep2,mc_dropout,test,channel,0.9,0.0001,False,0.9307018006148441,1.17675977652175,1.6820762474665458,0.0,0.0,0.0,0.0,0.0,0.0,0.0,0.0,0.0,0.0,False
mlp_mcd_rep2,mc_dropout,test,channel,0.9,0.001,True,0.9307018006148441,1.17675977652175,1.6820762474665458,0.0,0.0,0.0,0.0,0.0,0.0,0.0,0.0,0.0,0.0,False
mlp_mcd_rep2,mc_dropout,test,channel,0.9,0.01,False,0.9307018006148441,1.17675977652175,1.6820762474665458,0.0,0.0,0.0,0.0,0.0,0.0,0.0,0.0,0.0,0.0,False
mlp_mcd_rep2,mc_dropout,test,channel,0.95,0.0001,False,0.9644285714285714,1.6450434054059504,2.2458774579999563,0.0,0.0,0.0,0.0,0.0,0.0,0.0,0.0,0.0,0.0,False
mlp_mcd_rep2,mc_dropout,test,channel,0.95,0.001,True,0.9644285714285714,1.6450434054059504,2.2458774579999563,0.0,0.0,0.0,0.0,0.0,0.0,0.0,0.0,0.0,0.0,False
mlp_mcd_rep2,mc_dropout,test,channel,0.95,0.01,False,0.9644285714285714,1.6450434054059504,2.2458774579999563,0.0,0.0,0.0,0.0,0.0,0.0,0.0,0.0,0.0,0.0,False
mlp_mcd_rep2,mc_dropout,test,horizon_channel,0.5,0.0001,False,0.6242099880795533,0.3187756548699777,0.6721095473901209,0.0,0.0,0.0,0.0,0.0,0.0,0.0,0.0,0.0,0.0,False
mlp_mcd_rep2,mc_dropout,test,horizon_channel,0.5,0.001,True,0.6242099880795533,0.3187756548699777,0.6721095473901209,0.0,0.0,0.0,0.0,0.0,0.0,0.0,0.0,0.0,0.0,False
mlp_mcd_rep2,mc_dropout,test,horizon_channel,0.5,0.01,False,0.6242099880795533,0.3187756548699777,0.6721095473901209,0.0,0.0,0.0,0.0,0.0,0.0,0.0,0.0,0.0,0.0,False
mlp_mcd_rep2,mc_dropout,test,horizon_channel,0.8,0.0001,False,0.8624779471735994,0.7094438746078279,1.1162984424745503,0.0,0.0,0.0,0.0,0.0,0.0,0.0,0.0,0.0,0.0,False
mlp_mcd_rep2,mc_dropout,test,horizon_channel,0.8,0.001,True,0.8624779471735994,0.7094438746078279,1.1162984424745503,0.0,0.0,0.0,0.0,0.0,0.0,0.0,0.0,0.0,0.0,False
mlp_mcd_rep2,mc_dropout,test,horizon_channel,0.8,0.01,False,0.8624779471735994,0.7094438746078279,1.1162984424745503,0.0,0.0,0.0,0.0,0.0,0.0,0.0,0.0,0.0,0.0,False
mlp_mcd_rep2,mc_dropout,test,horizon_channel,0.9,0.0001,False,0.9319568981742895,1.0318184688459409,1.4993194245493182,0.0,0.0,0.0,0.0,0.0,0.0,0.0,0.0,0.0,0.0,False
mlp_mcd_rep2,mc_dropout,test,horizon_channel,0.9,0.001,True,0.9319568981742895,1.0318184688459409,1.4993194245493182,0.0,0.0,0.0,0.0,0.0,0.0,0.0,0.0,0.0,0.0,False
mlp_mcd_rep2,mc_dropout,test,horizon_channel,0.9,0.01,False,0.9319568981742895,1.0318184688459409,1.4993194245493182,0.0,0.0,0.0,0.0,0.0,0.0,0.0,0.0,0.0,0.0,False
mlp_mcd_rep2,mc_dropout,test,horizon_channel,0.95,0.0001,False,0.9659807390676955,1.4067023310085767,1.9478523911031966,0.0,0.0,0.0,0.0,0.0,0.0,0.0,0.0,0.0,0.0,False
mlp_mcd_rep2,mc_dropout,test,horizon_channel,0.95,0.001,True,0.9659807390676955,1.4067023310085767,1.9478523911031966,0.0,0.0,0.0,0.0,0.0,0.0,0.0,0.0,0.0,0.0,False
mlp_mcd_rep2,mc_dropout,test,horizon_channel,0.95,0.01,False,0.9659807390676955,1.4067023310085767,1.9478523911031966,0.0,0.0,0.0,0.0,0.0,0.0,0.0,0.0,0.0,0.0,False
mlp_mcd_rep2,mc_dropout,ood_test,channel,0.5,0.0001,False,0.36353589439046713,0.5954982503747244,2.324316939037579,0.0,0.0,0.0,0.0,0.0,0.0,0.0,0.0,0.0,0.0,False
mlp_mcd_rep2,mc_dropout,ood_test,channel,0.5,0.001,True,0.36353589439046713,0.5954982503747244,2.324316939037579,0.0,0.0,0.0,0.0,0.0,0.0,0.0,0.0,0.0,0.0,False
mlp_mcd_rep2,mc_dropout,ood_test,channel,0.5,0.01,False,0.36353589439046713,0.5954982503747244,2.324316939037579,0.0,0.0,0.0,0.0,0.0,0.0,0.0,0.0,0.0,0.0,False
mlp_mcd_rep2,mc_dropout,ood_test,channel,0.8,0.0001,False,0.6251651447003771,1.4114009391975495,4.047055500038185,0.0,0.0,0.0,0.0,0.0,0.0,0.0,0.0,0.0,0.0,False
mlp_mcd_rep2,mc_dropout,ood_test,channel,0.8,0.001,True,0.6251651447003771,1.4114009391975495,4.047055500038185,0.0,0.0,0.0,0.0,0.0,0.0,0.0,0.0,0.0,0.0,False
mlp_mcd_rep2,mc_dropout,ood_test,channel,0.8,0.01,False,0.6251651447003771,1.4114009391975495,4.047055500038185,0.0,0.0,0.0,0.0,0.0,0.0,0.0,0.0,0.0,0.0,False
mlp_mcd_rep2,mc_dropout,ood_test,channel,0.9,0.0001,False,0.7489093764805909,2.135864287858723,5.711260783536475,0.0,0.0,0.0,0.0,0.0,0.0,0.0,0.0,0.0,0.0,False
mlp_mcd_rep2,mc_dropout,ood_test,channel,0.9,0.001,True,0.7489093764805909,2.135864287858723,5.711260783536475,0.0,0.0,0.0,0.0,0.0,0.0,0.0,0.0,0.0,0.0,False
mlp_mcd_rep2,mc_dropout,ood_test,channel,0.9,0.01,False,0.7489093764805909,2.135864287858723,5.711260783536475,0.0,0.0,0.0,0.0,0.0,0.0,0.0,0.0,0.0,0.0,False
mlp_mcd_rep2,mc_dropout,ood_test,channel,0.95,0.0001,False,0.8365980646040616,2.9879826032835437,7.661219044110661,0.0,0.0,0.0,0.0,0.0,0.0,0.0,0.0,0.0,0.0,False
mlp_mcd_rep2,mc_dropout,ood_test,channel,0.95,0.001,True,0.8365980646040616,2.9879826032835437,7.661219044110661,0.0,0.0,0.0,0.0,0.0,0.0,0.0,0.0,0.0,0.0,False
mlp_mcd_rep2,mc_dropout,ood_test,channel,0.95,0.01,False,0.8365980646040616,2.9879826032835437,7.661219044110661,0.0,0.0,0.0,0.0,0.0,0.0,0.0,0.0,0.0,0.0,False
mlp_mcd_rep2,mc_dropout,ood_test,horizon_channel,0.5,0.0001,False,0.35812749469421135,0.5940509173257283,2.290556071139237,0.0,0.0,0.0,0.0,0.0,0.0,0.0,0.0,0.0,0.0,False
mlp_mcd_rep2,mc_dropout,ood_test,horizon_channel,0.5,0.001,True,0.35812749469421135,0.5940509173257283,2.290556071139237,0.0,0.0,0.0,0.0,0.0,0.0,0.0,0.0,0.0,0.0,False
mlp_mcd_rep2,mc_dropout,ood_test,horizon_channel,0.5,0.01,False,0.35812749469421135,0.5940509173257283,2.290556071139237,0.0,0.0,0.0,0.0,0.0,0.0,0.0,0.0,0.0,0.0,False
mlp_mcd_rep2,mc_dropout,ood_test,horizon_channel,0.8,0.0001,False,0.621462515495499,1.3173962391371623,3.858032804066739,0.0,0.0,0.0,0.0,0.0,0.0,0.0,0.0,0.0,0.0,False
mlp_mcd_rep2,mc_dropout,ood_test,horizon_channel,0.8,0.001,True,0.621462515495499,1.3173962391371623,3.858032804066739,0.0,0.0,0.0,0.0,0.0,0.0,0.0,0.0,0.0,0.0,False
mlp_mcd_rep2,mc_dropout,ood_test,horizon_channel,0.8,0.01,False,0.621462515495499,1.3173962391371623,3.858032804066739,0.0,0.0,0.0,0.0,0.0,0.0,0.0,0.0,0.0,0.0,False
mlp_mcd_rep2,mc_dropout,ood_test,horizon_channel,0.9,0.0001,False,0.7498715577276297,1.9215405752237422,5.268617475647895,0.0,0.0,0.0,0.0,0.0,0.0,0.0,0.0,0.0,0.0,False
mlp_mcd_rep2,mc_dropout,ood_test,horizon_channel,0.9,0.001,True,0.7498715577276297,1.9215405752237422,5.268617475647895,0.0,0.0,0.0,0.0,0.0,0.0,0.0,0.0,0.0,0.0,False
mlp_mcd_rep2,mc_dropout,ood_test,horizon_channel,0.9,0.01,False,0.7498715577276297,1.9215405752237422,5.268617475647895,0.0,0.0,0.0,0.0,0.0,0.0,0.0,0.0,0.0,0.0,False
mlp_mcd_rep2,mc_dropout,ood_test,horizon_channel,0.95,0.0001,False,0.8434484705699099,2.640239829526819,6.708526908606139,0.0,0.0,0.0,0.0,0.0,0.0,0.0,0.0,0.0,0.0,False
mlp_mcd_rep2,mc_dropout,ood_test,horizon_channel,0.95,0.001,True,0.8434484705699099,2.640239829526819,6.708526908606139,0.0,0.0,0.0,0.0,0.0,0.0,0.0,0.0,0.0,0.0,False
mlp_mcd_rep2,mc_dropout,ood_test,horizon_channel,0.95,0.01,False,0.8434484705699099,2.640239829526819,6.708526908606139,0.0,0.0,0.0,0.0,0.0,0.0,0.0,0.0,0.0,0.0,False
